user_input,retrieved_contexts,response,reference,faithfulness,answer_relevancy,context_precision
cual es el torque y potencia maxima que tiene la moto,"['CONTAMOS CON EL\nRECORDDEMOTOSVENDIDAS\nOrgullosamente líderes en Colombia. Boxer establece un récord en la industria, con la moto\nmás vendida en la historia de Colombia: la BOXER CT100. Un testimonio de confianza y\nrendimiento que nos impulsa a seguir brindando lo mejor en cada viaje. ¡Únete a la leyenda\ncon una BOXER!\n651.905\nBOXER CT100 VENDIDAS A LA FECHA, DESDE 1998\nCONÓCELA A FONDO\nDETALLESTÉCNICOSDELABOXERCT100KS\nCatálogo 5 Manual 5\nMOTOR\nMOTOR\nMotor: 4 tiempos, Monocilíndrico, SOHC\nBoxer CT100 KS\nCilindraje: 102 cc PRECI\nVER AHORRO\nO Cotizar $\n*Modelo 20S2IS6T. PErMeAcio referencial y\nVIGENTE\n$5.899.\nsuEjLeÉtCo TaR cIaCmObios.\nCotizar $ Crédito $ Máxima p*Aoplticeann técrmiain:o s7 .y59 H0p0 @0 7500 rpm\nCrédito $\ncondiciones.', 'EN ESPAÑOL\nHome / Bikes / Boxer Ct 100 Ks\nBOXER CT 100 KS\nKNOW MORE\nFunciones\nRendimiento\nPotencia líder en su clase\nMotor de 4 tiempos refrigerado por aire\nnatural\nConduzca con la promesa de la mejor\neficiencia de combustible de su clase de\n55 kmpl*, es decir, aproximadamente\nmás de 500 km con el tanque lleno.\nFiabilidad garantizada\nFiabilidad día tras día, con el músculo\npara conquistar los desafíos y el\nrendimiento para traspasar las fronteras.\n\nTablas:\nBOXER CT 100 KS\nKNOW MORE\nFunciones\nRendimiento\nPotencia líder en su clase\nMotor de 4 tiempos refrigerado por aire\nnatural\nConduzca con la promesa de la mejor\neficiencia de combustible de su clase de\n55 kmpl*, es decir, aproximadamente\nmás de 500 km con el tanque lleno.\nFiabilidad garantizada\nFiabilidad día tras día, con el músculo\npara conquistar los desafíos y el\nrendimiento para traspasar las fronteras.', 'Tablas:\n |  |  |  |  |  |  |  |  |  | \nCILINDRAJE |  |  | 102 CC |  |  |  | 97.2 CC |  |  | \nPOTENCIA |  |  | 7.59 HP 7500 RPM |  | 7.7 | H | P 7500 RPM |  |  | \nTORQUE |  |  | 8.24 NM @5500 RPM | 8 | .2 | NM | @4500 RPM |  |  | \nENCENDIDO |  |  | Pedal |  |  |  | Pedal |  |  | \nCAPACIDAD DEL\nTANQUE |  |  | 10.5 L |  |  |  | 10.5 L |  |  | \nFRENO DELANTERO |  |  | Tambor 110 mm |  |  |  | Tambor |  |  | \nSUSPENSION TRASERA |  |  | Brazo oscilante, Tecnología SNS de 5\nposiciones | Doble amort | ig | ua | dor ajustable |  |  | e\nUSB |  |  | Si |  |  |  | No |  |  | \n*La información técnica e imágenes de referencia de las motocicletas fue\nsitio oficial de cada una de las marcas a la fecha 31/10/2024. |  |  |  |  | to | ma | da del |  |  | \nBoxer CT100 KS\nPRECI\nVER AHORRO\nO Coti\n*Modelo 2026. Precio referencial y\nVIGENTE\n$5.899.\nsujeto a cambios.\nCotizar $ Crédito $ *Aplican términos y 000\nC |  |  |  |  |  |  | $\no $ |  |  | \n |  |  |  |  | za | r |  |  |  |', 'BOXER CT100 KS\nLAPREFERIDAPORLOSCOLOMBIANOS\nCon más de 639.409 motos vendidas a lo largo de los años es la moto más vendida en la\nhistoria de Colombia, lo que confirma que es preferida por los colombianos, porque es la\nmoto que te da más rendimiento en combustible con 370km/Galón, por su respaldo,\neconomía, fácil mantenimiento, repuestos económicos y disponibles, además con encendido\neléctrico.\nBoxer CT100 KS\nPRECI\nVER AHORRO\nO Cotizar $\n*Modelo 2026. Precio referencial y\nVIGENTE\n$5.899.\nsujeto a cambios.\nCotizar $ Crédito $ *Aplican términos y 000\nCrédito $\ncondiciones.\n\nTablas:\n | \n | \n | \n | \nza | r\n | \nré | dit\n | \n |', '102 CC\nCilindraje\n7.59 HP\nPotencia máxima a 7500 RPM\n8.24 NM\nTorque máximo a 5500 RPM\n109 KG\nPeso en seco\nBoxer CT100 KS\nPRECI\nVER AHORRO\nO Cotizar $\n*Modelo 2026. Precio referencial y\nVIGENTE\n$5.899.\nsujeto a cambios.\nCotizar $ Crédito $ *Aplican términos y 000\nCrédito $\ncondiciones.\n\nTablas:\n102 CC\nCilindraje\n7.59 HP\nPotencia máxima a 7500 RPM\n8.24 NM\nTorque máximo a 5500 RPM\n109 KG\nPeso en seco\nBoxer CT100 KS\nPRECI\nVER AHORRO\nO Cotizar $\n*Modelo 2026. Precio referencial y\nVIGENTE\n$5.899.\nsujeto a cambios.\nCotizar $ Crédito $ *Aplican términos y 000\nCrédito $\ncondiciones.']",La Bajaj Boxer CT100 KS tiene un torque máximo de 8.24 NM a 5500 RPM y una potencia máxima de 7.59 HP a 7500 RPM. Estos valores están especificados en la documentación técnica proporcionada.,Potencia: 7.59 HP a 7.500 RPM. Torque: 8.24 Nm a 5.500 RPM.,1.0,0.3197299347979685,0.36666666664833336
cada cuanto es recomendable cambiarle el aceite a la moto y cuanto debo echarle,"['continuación se debe enjuagar.\nOTRAS •Se aconseja, sobre todo para condiciones de funcionamiento adversas, proteger la motocicleta con ceras o\nRECOMENDACIONES lubricantes adecuados. Su Concesionario podrá aconsejarle acerca de los mismos.\n•Si va a guardar la motocicleta durante un tiempo, consulte con su Centro de Servicio UMA para las\nrecomendaciones indicadas.\n•Recuerde agendar cita en su Centro de Servicio UMA más cercano para los cambios periódicos de aceite,\nmantenimientos preventivos, generales y demás.\n•Recomendamos utilizar para todas nuestras motocicletas Aceite Genuino BAJAJ (BGO) y realizar el cambio\ncada 5.000 km a 5.500 km o cada tres meses lo que primero ocurra.\n. 45 .', 'continuación se debe enjuagar.\nOTRAS •Se aconseja, sobre todo para condiciones de funcionamiento adversas, proteger la motocicleta con ceras o\nRECOMENDACIONES lubricantes adecuados. Su Concesionario podrá aconsejarle acerca de los mismos.\n•Si va a guardar la motocicleta durante un tiempo, consulte con su Centro de Servicio UMA para las\nrecomendaciones indicadas.\n•Recuerde agendar cita en su Centro de Servicio UMA más cercano para los cambios periódicos de aceite,\nmantenimientos preventivos, generales y demás.\n•Recomendamos utilizar para todas nuestras motocicletas Aceite Genuino BAJAJ (BGO) y realizar el cambio\ncada 5.000 km a 5.500 km o cada tres meses lo que primero ocurra.\n. 45 .', 'Aceite de motor\nSAE 20 W 50/ 1 0 W 30 Asentamiento del motor :\nAceite Recomendado API SL, JASO MA Es importante para prolongar la vida del motor y\nmantenerlo libre de problemas de rendimiento .\nFrecuencia de Cambio Cada 5.000 Km Durante los primeros 2.000 kms no debe\nexceder las siguientes velocidades.\nCambio:1.000 cc\nCapacidad de Aceite\nDesensamble: 1.100 cc\nkm 1ra 2da 3ra 4ta\nFILTRO TAMIZ DE ACEITE (CEDAZO): 0 - 1.000 15 30 45 55 km/h\n1.000 - 2.000 20 40 60 75 km/h\n• Se localiza dentro de la cubierta del embrague.\n• Se debe limpiar periódicamente acudiendo a un\ncentro de servicio autorizado según el cuadro de Mantenga siempre la velocidad por debajo de los\nvalores indicados en la tabla de arriba.\nmantenimiento.\nIMPORTANTE No revolucione el motor excesivamente.\nAntes de encender el moto\naceite 4T es el adecuado. Ver sección: ACEITE MOTOR\nNo ponga en movimiento la motocicleta\nFILTRO DE ACEITE (PAPEL):\ninmediatamente después de haber encendido el', 'Aceite de motor\nEspecificaciones del SAE 20 W 50, / 10 W 30 Asentamiento del motor :\nAceite Recomendado API SL, JASO MA Es importante para prolongar la vida del motor y\nmantenerlo libre de problemas de rendimiento .\nFrecuencia de Cambio Cada 5.000 Km Durante los primeros 2.000 kms no debe\nexceder las siguientes velocidades.\nCambio:1.000 cc\nCapacidad de Aceite\nDesensamble: 1.100 cc\nkm 1ra 2da 3ra 4ta\nFILTRO TAMIZ DE ACEITE (CEDAZO): 0 - 1.000 15 30 45 55 km/h\n1.000 - 2.000 20 40 60 75 km/h\n• Se localiza dentro de la cubierta del embrague.\n• Se debe limpiar periódicamente acudiendo a un\ncentro de servicio autorizado según el cuadro de Mantenga siempre la velocidad por debajo de los\nvalores indicados en la tabla de arriba.\nmantenimiento.\nIMPORTANTE No revolucione el motor excesivamente.\nAntes de encender el motor verifique si el nivel de\naceite 4T es el adecuado. Ver sección: ACEITE MOTOR\nNo ponga en movimiento la motocicleta\nFILTRO DE ACEITE (PAPEL):', 'Cadena - Aceite de Motor\nIMPORTANTE\nAntes de encender el moto\naceite 4T es el adecuado. Ver sección: ACEITE MOTOR\nACEITE DEL MOTOR: Revisar cada semana\n• Mantenga el nivel de aceite entre\nla marca superior y la marca inferior\nde la mirilla.\n• Cambie el aceite como lo indica la\ntabla de mantenimiento periódico.\nCadena: Inspección nivel de aceite :\nEl ajuste de la cadena debe ser realizado siempre que sea 1.\nrequerido (realice constantemente la inspección de esta). nivelada en el estante central.\nC\nLa holgura de la cadena debe estar entre 20 - 30 mm. D 2. Compruebe el nivel de aceite (con el motor apagado)\nLas marcas de los ajustadores de la cadena deben estar en la mirilla como se muestra en la fotografía.\nen la misma posición a ambos lados. 3. Siempre mantenga el nivel de aceite entre\nla marca superior (C) y la marca inferior (D).\nNOTA: El no realizar este proceso o mantener la\nholgura de la cadena fuera de estos límites generará Es muy importante seguir la frecuencia recomendada']","Para la Bajaj Boxer CT100 KS, se recomienda cambiar el aceite cada 5.000 km a 5.500 km o cada tres meses, lo que primero ocurra. La capacidad de aceite para este modelo es de 1.000 cc para el cambio y 1.100 cc para el desensamble. Es importante utilizar aceite de motor 4T con especificaciones SAE 20 W 50/ 10 W 30, API SL, JASO MA. Recuerda verificar el nivel de aceite regularmente y mantenerlo entre la marca superior y la marca inferior de la mirilla.","Cada 5.000 a 5.500 km o cada 3 meses. Cantidad: 1.000 cc (cambio normal), 1.100 cc (con desensamble).",1.0,0.25359862973617386,0.99999999998
cual es la elongadura recomendada de la cadena y cada cuanto debo cambiar el kit de arrastre,"['la marca superior (C) y la marca inferior (D).\nNOTA: El no realizar este proceso o mantener la\nholgura de la cadena fuera de estos límites generará Es muy importante seguir la frecuencia recomendada\nun desgaste acelerado del kit de arrastre. de cambio de aceite para dar una larga vida a los componentes del motor.\nLubrique la cadena por lo menos cada 500 km si usa Para más detalles consulte cuadro de mantenimiento periódico.\nla motocicleta en zonas muy húmedas o polvorientas.\n. 22 .', 'un desgaste acelerado del kit de arrastre. de cambio de aceite para dar una larga vida a los componentes del motor.\nLubrique la cadena por lo menos cada 500 km si usa Para más detalles consulte cuadro de mantenimiento periódico.\nla motocicleta en zonas muy húmedas o polvorientas.\n. 22 .', 'EN ESPAÑOL\nSeguridad\nHome / Bikes / Boxer Ct 100 Ks\nEl poder del control\nLlantas de aleación\nGrandes llantas de aleación de 17”,\ncombinadas con una larga distancia entre\nejes para una excelente estabilidad en\ncaminos irregulares.\nConducción sin tensión (Garantía)\nObtén tranquilidad con la garantía de 12\nmeses de Bajaj para 30,000 KMs.\nColores\nBicicleta de alto\nrendimiento que ofrece\npotencia, manejo,\nseguridad,\ncaracterísticas\nsuperiores\nAzul\nCaracterísticas técnicas\nMotor\n\nTablas:\nEN ESPAÑOL\nSeguridad\nHome / Bikes / Boxer Ct 100 Ks\nEl poder del control\nLlantas de aleación\nGrandes llantas de aleación de 17”,\ncombinadas con una larga distancia entre\nejes para una excelente estabilidad en\ncaminos irregulares.\nConducción sin tensión (Garantía)\nObtén tranquilidad con la garantía de 12\nmeses de Bajaj para 30,000 KMs.\nColores\nBicicleta de alto\nrendimiento que ofrece\npotencia, manejo,\nseguridad,\ncaracterísticas\nsuperiores\nAzul\nCaracterísticas técnicas\nMotor', 'SA galgo\nMARCA: BAJAJ\nModelo: BOXER CT100 KS\nAño: 2024\nÚ MOTOR\nMOTOR\nMotor: 4 tiempos, Monocilindrico, SOHC\nSISTEMA e .\nC Cilindraje: 102 cc\n& Máxima potencia: 7.59 Hp @ 7500 rpm\nCHASIS\nTorque máximo: 8.24 N.m @ 5500 rpm\n—\ni\nEmbrague: Multi-Disco Bañado en Aceite\nDIMENSIONES\nDiámetro: 47 mm x 58.8 mm\nTransmisión: 4 Velocidades\nAlimentación: Carburador\nArranque: Pedal\nInformación extraída del sitio web oficial de la marca\n\nTablas:', 'CILINDRAJE 102 CC 97.2 CC\nPOTENCIA 7.59 HP 7500 RPM 7.7 HP 7500 RPM\nTORQUE 8.24 NM @5500 RPM 8.2 NM @4500 RPM\nENCENDIDO Pedal Pedal\nCAPACIDAD DEL 10.5 L 10.5 L\nTANQUE\nFRENO DELANTERO Tambor 110 mm Tambor\nSUSPENSION TRASERA Brazo oscilante, Tecnología SNS de 5 Doble amortiguador ajustable e\nposiciones\nUSB Si No\n*La información técnica e imágenes de referencia de las motocicletas fue tomada del\nsitio oficial de cada una de las marcas a la fecha 31/10/2024.\nBoxer CT100 KS\nPRECI\nVER AHORRO\nO Cotizar $\n*Modelo 2026. Precio referencial y\nVIGENTE\n$5.899.\nsujeto a cambios.\nCotizar $ Crédito $ *Aplican términos y 000\nCrédito $\ncondiciones.']","La información proporcionada no especifica la elongación recomendada de la cadena ni la frecuencia de cambio del kit de arrastre para la Bajaj Boxer CT100 KS. Sin embargo, se menciona que un desgaste acelerado del kit de arrastre puede ocurrir si no se sigue la frecuencia recomendada de cambio de aceite y si la holgura de la cadena no se mantiene dentro de los límites adecuados. Para más detalles, te recomiendo consultar el cuadro de mantenimiento periódico específico de la Bajaj Boxer CT100 KS. Es importante seguir las recomendaciones del fabricante para asegurar una larga vida a los componentes del motor y evitar problemas de desgaste prematuro.",Holgura recomendada entre 20 y 30 mm. Lubricar cada 500 km. Cambiar el kit cuando haya desgaste visible.,0.6,0.32909761789884695,0.99999999995
en que parte puedo encontrar la bateria de la moto,"['ADVERTENCIA Indica un peligro potencial o lesiones GRAVES a usted u otras personas y hacia el vehículo\nsi no se siguen las instrucciones.\nPRECAUCIÓN Indica un peligro potencial que podría resultar en daños SERIOS al vehículo o en HERIDAS\na usted. Siga los consejos con la debida precaución.\nPara garantizar su seguridad:\n•Lea con detenimiento este manual del propietario.\n•Siga todas las recomendaciones y procedimientos incluidos en este manual.\n•Preste especial atención a los mensajes de seguridad incluidos en el manual y en la motocicleta.\nIMPORTANTE Su seguridad y la de otras personas es muy importante. Es una responsabilidad importante\nconducir su motocicleta BAJAJ BOXER CT 100-KS de forma segura. Para ayudarle a tomar\ndecisiones bien fundadas en relación con la seguridad, hemos incluido Información de\nSeguridad, procedimientos de funcionamiento y tips de Conducción segura en este manual\nde Usuario y Garantía. Esta información le advierte sobre posibles peligros que podrían', 'CILINDRAJE 102 CC 97.2 CC\nPOTENCIA 7.59 HP 7500 RPM 7.7 HP 7500 RPM\nTORQUE 8.24 NM @5500 RPM 8.2 NM @4500 RPM\nENCENDIDO Pedal Pedal\nCAPACIDAD DEL 10.5 L 10.5 L\nTANQUE\nFRENO DELANTERO Tambor 110 mm Tambor\nSUSPENSION TRASERA Brazo oscilante, Tecnología SNS de 5 Doble amortiguador ajustable e\nposiciones\nUSB Si No\n*La información técnica e imágenes de referencia de las motocicletas fue tomada del\nsitio oficial de cada una de las marcas a la fecha 31/10/2024.\nBoxer CT100 KS\nPRECI\nVER AHORRO\nO Cotizar $\n*Modelo 2026. Precio referencial y\nVIGENTE\n$5.899.\nsujeto a cambios.\nCotizar $ Crédito $ *Aplican términos y 000\nCrédito $\ncondiciones.', 'ADVERTENCIA Indica un peligro potencial o lesiones GRAVES a usted u otras personas y hacia el vehículo\nsi no se siguen las instrucciones.\nPRECAUCIÓN Indica un peligro potencial que podría resultar en daños SERIOS al vehículo o en HERIDAS\na usted. Siga los consejos con la debida precaución.\nPara garantizar su seguridad:\n•Lea con detenimiento este manual del propietario.\n•Siga todas las recomendaciones y procedimientos incluidos en este manual.\n•Preste especial atención a los mensajes de seguridad incluidos en el manual y en la motocicleta.\nIMPORTANTE Su seguridad y la de otras personas es muy importante. Es una responsabilidad importante\nconducir su motocicleta BAJAJ BOXER CT 100-ES de forma segura. Para ayudarle a tomar\ndecisiones bien fundadas en relación con la seguridad, hemos incluido Información de\nSeguridad, procedimientos de funcionamiento y tips de Conducción segura en este manual\nde Usuario y Garantía. Esta información le advierte sobre posibles peligros que podrían', '¡BIENVENIDO!\nFELICIDADES por haber elegido una motocicleta “BAJAJ CT - En caso de necesitar cualquier información adicional, por favor\n100 KS”, una de las mejores motocicletas del país presentada acérquese al personal de Bajaj. Si es necesario, también puede\na usted por Bajaj Auto Limited y Grupo UMA S.A.S. escribir a los distribuidores que vendan nuestros productos, para\nobtener información de número de chasis, número de motor,\nAntes de prepararse para conducir su moto, por favor lea esta fecha de compra, distancia requerida en cada servicio, nombre del\nguía del usuario para familiarizarse con el mecanismo y los concesionario de venta y sus números de contacto. Por último, le\nmandos del vehículo. solicitamos llevar su motocicleta con el cuidado y mantenimiento\nperiódico, como se describe en este manual.\nPara mantener su motocicleta en perfecto estado de\nfuncionamiento y para ofrecer un rendimiento consistente, le Estamos seguros que esta le ofrecerá una experiencia placentera', 'EN ESPAÑOL\nHome / Bikes / Boxer Ct 100 Ks\nBOXER CT 100 KS\nKNOW MORE\nFunciones\nRendimiento\nPotencia líder en su clase\nMotor de 4 tiempos refrigerado por aire\nnatural\nConduzca con la promesa de la mejor\neficiencia de combustible de su clase de\n55 kmpl*, es decir, aproximadamente\nmás de 500 km con el tanque lleno.\nFiabilidad garantizada\nFiabilidad día tras día, con el músculo\npara conquistar los desafíos y el\nrendimiento para traspasar las fronteras.\n\nTablas:\nBOXER CT 100 KS\nKNOW MORE\nFunciones\nRendimiento\nPotencia líder en su clase\nMotor de 4 tiempos refrigerado por aire\nnatural\nConduzca con la promesa de la mejor\neficiencia de combustible de su clase de\n55 kmpl*, es decir, aproximadamente\nmás de 500 km con el tanque lleno.\nFiabilidad garantizada\nFiabilidad día tras día, con el músculo\npara conquistar los desafíos y el\nrendimiento para traspasar las fronteras.']","La ubicación de la batería en la Bajaj Boxer CT100 KS no se especifica claramente en la documentación proporcionada. Sin embargo, en la mayoría de las motocicletas, la batería suele estar ubicada debajo del asiento o en un compartimiento cerca del motor. Si necesitas localizar la batería en tu Bajaj Boxer CT100 KS, te recomiendo consultar el manual del propietario o contactar con un concesionario autorizado de Bajaj para obtener información precisa.",Está ubicada en el interior de la cubierta lateral izquierda.,0.0,0.2934905777355373,0.0
en que parte puedo encontrar el serial del chasis y el del motor de la moto,"['Identificación de Los números de Motor y de VIN (Chasis) se utilizan para registrar e identificar la motocicleta\nla Motocicleta su motocicleta BAJAJ CT-100 KS particular de otros del mismo modelo y el tipo.\nEl número de VIN se ubica en la parte frontal derecha El número de Motor se ubica en la parte inferior del motor\ndel chasis, justo en frente del tanque de combustible del lado izquierdo, justo debajo de la palanca de cambios.\n. 13 .\n\nTablas:', 'Identificación de\nla Motocicleta su motocicleta BAJAJ CT-100 ES particular de otros del mismo modelo y el tipo.\nEl número de VIN se ubica en la parte frontal derecha El número de Motor se ubica en la parte inferior del motor\ndel chasis, justo en frente del tanque de combustible del lado izquierdo, justo debajo de la palanca de cambios.\n. 13 .\n\nTablas:', '¡BIENVENIDO!\nFELICIDADES por haber elegido una motocicleta “BAJAJ CT - En caso de necesitar cualquier información adicional, por favor\n100 KS”, una de las mejores motocicletas del país presentada acérquese al personal de Bajaj. Si es necesario, también puede\na usted por Bajaj Auto Limited y Grupo UMA S.A.S. escribir a los distribuidores que vendan nuestros productos, para\nobtener información de número de chasis, número de motor,\nAntes de prepararse para conducir su moto, por favor lea esta fecha de compra, distancia requerida en cada servicio, nombre del\nguía del usuario para familiarizarse con el mecanismo y los concesionario de venta y sus números de contacto. Por último, le\nmandos del vehículo. solicitamos llevar su motocicleta con el cuidado y mantenimiento\nperiódico, como se describe en este manual.\nPara mantener su motocicleta en perfecto estado de\nfuncionamiento y para ofrecer un rendimiento consistente, le Estamos seguros que esta le ofrecerá una experiencia placentera', '¡BIENVENIDO!\nFELICIDADES por haber elegido una motocicleta “BAJAJ CT - En caso de necesitar cualquier información adicional, por favor\n100 ES”, una de las mejores motocicletas del país presentada acérquese al personal de Bajaj. Si es necesario, también puede\na usted por Bajaj Auto Limited y Grupo UMA S.A.S escribir a los distribuidores que vendan nuestros productos, para\nobtener información de número de chasis, número de motor,\nAntes de prepararse para conducir su moto, por favor lea esta fecha de compra, distancia requerida en cada servicio, nombre del\nguía del usuario para familiarizarse con el mecanismo y los concesionario de venta y sus números de contacto. Por último, le\nmandos del vehículo. solicitamos llevar su motocicleta con el cuidado y mantenimiento\nperiódico, como se describe en este manual.\nPara mantener su motocicleta en perfecto estado de\nfuncionamiento y para ofrecer un rendimiento consistente, le Estamos seguros que esta le ofrecerá una experiencia placentera', 'SA galgo\nMARCA: BAJAJ\nModelo: BOXER CT100 KS\nAño: 2024\nÚ MOTOR\nMOTOR\nMotor: 4 tiempos, Monocilindrico, SOHC\nSISTEMA e .\nC Cilindraje: 102 cc\n& Máxima potencia: 7.59 Hp @ 7500 rpm\nCHASIS\nTorque máximo: 8.24 N.m @ 5500 rpm\n—\ni\nEmbrague: Multi-Disco Bañado en Aceite\nDIMENSIONES\nDiámetro: 47 mm x 58.8 mm\nTransmisión: 4 Velocidades\nAlimentación: Carburador\nArranque: Pedal\nInformación extraída del sitio web oficial de la marca\n\nTablas:']","Para encontrar el número de serie del chasis y el número de serie del motor en la Bajaj Boxer CT100 KS, puedes seguir estos pasos:

- El número de serie del chasis (VIN) se ubica en la parte frontal derecha del chasis, justo en frente del tanque de combustible.
- El número de serie del motor se encuentra en la parte inferior del motor, del lado izquierdo, justo debajo de la palanca de cambios.

Es importante tener estos números a mano para cualquier consulta o servicio relacionado con tu motocicleta. Si necesitas más información, no dudes en preguntar.","VIN: parte frontal derecha del chasis. Motor: parte inferior izquierda, debajo de la palanca de cambios.",0.4,0.4605520414498125,0.8666666666377778
cuanta gasolina le cabe a la moto,"['EN ESPAÑOL\nHome / Bikes / Boxer Ct 100 Ks\nBOXER CT 100 KS\nKNOW MORE\nFunciones\nRendimiento\nPotencia líder en su clase\nMotor de 4 tiempos refrigerado por aire\nnatural\nConduzca con la promesa de la mejor\neficiencia de combustible de su clase de\n55 kmpl*, es decir, aproximadamente\nmás de 500 km con el tanque lleno.\nFiabilidad garantizada\nFiabilidad día tras día, con el músculo\npara conquistar los desafíos y el\nrendimiento para traspasar las fronteras.\n\nTablas:\nBOXER CT 100 KS\nKNOW MORE\nFunciones\nRendimiento\nPotencia líder en su clase\nMotor de 4 tiempos refrigerado por aire\nnatural\nConduzca con la promesa de la mejor\neficiencia de combustible de su clase de\n55 kmpl*, es decir, aproximadamente\nmás de 500 km con el tanque lleno.\nFiabilidad garantizada\nFiabilidad día tras día, con el músculo\npara conquistar los desafíos y el\nrendimiento para traspasar las fronteras.', 'SA galgo\nMARCA: BAJAJ\nModelo: BOXER CT100 KS\nAño: 2024\nÚ MOTOR\nMOTOR\nMotor: 4 tiempos, Monocilindrico, SOHC\nSISTEMA e .\nC Cilindraje: 102 cc\n& Máxima potencia: 7.59 Hp @ 7500 rpm\nCHASIS\nTorque máximo: 8.24 N.m @ 5500 rpm\n—\ni\nEmbrague: Multi-Disco Bañado en Aceite\nDIMENSIONES\nDiámetro: 47 mm x 58.8 mm\nTransmisión: 4 Velocidades\nAlimentación: Carburador\nArranque: Pedal\nInformación extraída del sitio web oficial de la marca\n\nTablas:', 'EN ESPAÑOL\nDiseño\nHome / Bikes / Boxer Ct 100 Ks\nDiseño y utilidad\nDiseño y estilismo\nCombinación de un tanque de\ncombustible grande y un faro redondo\npara una apariencia musculosa.\nMarco de agarre\nBuen confort en el asiento del pasajero,\nmayor capacidad de carga.\nTecnología\nPaseo emocionante\nExhausTEC\nPotencia mejorada a bajas velocidades,\npara viajes más suaves en las\nconcurridas calles de la ciudad.\nLlamativo faro de 12 V\nLlamativo faro de 12V que ilumina tu ruta.\n\nTablas:', 'CILINDRAJE 102 CC 97.2 CC\nPOTENCIA 7.59 HP 7500 RPM 7.7 HP 7500 RPM\nTORQUE 8.24 NM @5500 RPM 8.2 NM @4500 RPM\nENCENDIDO Pedal Pedal\nCAPACIDAD DEL 10.5 L 10.5 L\nTANQUE\nFRENO DELANTERO Tambor 110 mm Tambor\nSUSPENSION TRASERA Brazo oscilante, Tecnología SNS de 5 Doble amortiguador ajustable e\nposiciones\nUSB Si No\n*La información técnica e imágenes de referencia de las motocicletas fue tomada del\nsitio oficial de cada una de las marcas a la fecha 31/10/2024.\nBoxer CT100 KS\nPRECI\nVER AHORRO\nO Cotizar $\n*Modelo 2026. Precio referencial y\nVIGENTE\n$5.899.\nsujeto a cambios.\nCotizar $ Crédito $ *Aplican términos y 000\nCrédito $\ncondiciones.', 'Desplazamiento -102 cc\nEN ESPAÑOL\nTipo de motor -4 tiempos, monocilíndrico, SOHC\nPotencia máxima -7.59 Ps @ 7500 rpm\nHome / Bikes / Boxer Ct 100 Ks\nPar máximo -8.24 Nm @ 5500 rpm\nFrenos y neumáticos\nFrenos delanteros -Tambor 110 mm\nNeumáticos delanteros -2.75-17, tipo de tubo 41P\nFrenos traseros -Tambor 110 mm\nNeumáticos traseros -3.00-17, tipo de tubo 50P\nElectricidad\nBatería -12 V, 3 Ah MF\nFaros -12V 35/35 W\nVehículo\nTanque de combustible -10,5 L\nDistancia al suelo -169 milímetros\nPeso en vacío -109 KGs\nLargo x Ancho x Alto -1965 X 752 X 1072 mm\nSuspensión delantera -Hidráulico, telescópico vertical, 125 mm de recorrido\nSuspensión trasera -Brazo oscilante, tecnología SNS de 5 posiciones\nDistancia entre ejes -1235 mm\nContáctanos\nUMA -\n+57 3232540428\nMOTOCICLETAS VEHÍCULOS DE 3 ACERCA DE BAJAJ ENLACES RÁPIDOS SÍGUENOS\nRUEDAS\nPulsar UMA -\nSobre nosotros Contáctanos\nRE\nDominar\nCentro de Inversores Política de Privacidad\nMaxima\nDiscover Centro Corporativo\nBoxer']","El tanque de combustible de la Bajaj Boxer CT100 KS tiene una capacidad de 10.5 litros. Esto te permite disfrutar de una autonomía considerable, según se menciona en la documentación, de aproximadamente 500 km con el tanque lleno, gracias a su eficiencia de combustible de 55 kmpl.",Capacidad total: 10.5 litros. Reserva: 2.3 litros.,1.0,0.1509745978601159,0.19999999998
en donde se encuentra la llave de gasolina de la moto,"['SA galgo\nMARCA: BAJAJ\nModelo: BOXER CT100 KS\nAño: 2024\nÚ MOTOR\nMOTOR\nMotor: 4 tiempos, Monocilindrico, SOHC\nSISTEMA e .\nC Cilindraje: 102 cc\n& Máxima potencia: 7.59 Hp @ 7500 rpm\nCHASIS\nTorque máximo: 8.24 N.m @ 5500 rpm\n—\ni\nEmbrague: Multi-Disco Bañado en Aceite\nDIMENSIONES\nDiámetro: 47 mm x 58.8 mm\nTransmisión: 4 Velocidades\nAlimentación: Carburador\nArranque: Pedal\nInformación extraída del sitio web oficial de la marca\n\nTablas:', 'Identificación de\nla Motocicleta su motocicleta BAJAJ CT-100 ES particular de otros del mismo modelo y el tipo.\nEl número de VIN se ubica en la parte frontal derecha El número de Motor se ubica en la parte inferior del motor\ndel chasis, justo en frente del tanque de combustible del lado izquierdo, justo debajo de la palanca de cambios.\n. 13 .\n\nTablas:', 'CILINDRAJE 102 CC 97.2 CC\nPOTENCIA 7.59 HP 7500 RPM 7.7 HP 7500 RPM\nTORQUE 8.24 NM @5500 RPM 8.2 NM @4500 RPM\nENCENDIDO Pedal Pedal\nCAPACIDAD DEL 10.5 L 10.5 L\nTANQUE\nFRENO DELANTERO Tambor 110 mm Tambor\nSUSPENSION TRASERA Brazo oscilante, Tecnología SNS de 5 Doble amortiguador ajustable e\nposiciones\nUSB Si No\n*La información técnica e imágenes de referencia de las motocicletas fue tomada del\nsitio oficial de cada una de las marcas a la fecha 31/10/2024.\nBoxer CT100 KS\nPRECI\nVER AHORRO\nO Cotizar $\n*Modelo 2026. Precio referencial y\nVIGENTE\n$5.899.\nsujeto a cambios.\nCotizar $ Crédito $ *Aplican términos y 000\nCrédito $\ncondiciones.', 'EN ESPAÑOL\nDiseño\nHome / Bikes / Boxer Ct 100 Ks\nDiseño y utilidad\nDiseño y estilismo\nCombinación de un tanque de\ncombustible grande y un faro redondo\npara una apariencia musculosa.\nMarco de agarre\nBuen confort en el asiento del pasajero,\nmayor capacidad de carga.\nTecnología\nPaseo emocionante\nExhausTEC\nPotencia mejorada a bajas velocidades,\npara viajes más suaves en las\nconcurridas calles de la ciudad.\nLlamativo faro de 12 V\nLlamativo faro de 12V que ilumina tu ruta.\n\nTablas:', 'ADVERTENCIA Indica un peligro potencial o lesiones GRAVES a usted u otras personas y hacia el vehículo\nsi no se siguen las instrucciones.\nPRECAUCIÓN Indica un peligro potencial que podría resultar en daños SERIOS al vehículo o en HERIDAS\na usted. Siga los consejos con la debida precaución.\nPara garantizar su seguridad:\n•Lea con detenimiento este manual del propietario.\n•Siga todas las recomendaciones y procedimientos incluidos en este manual.\n•Preste especial atención a los mensajes de seguridad incluidos en el manual y en la motocicleta.\nIMPORTANTE Su seguridad y la de otras personas es muy importante. Es una responsabilidad importante\nconducir su motocicleta BAJAJ BOXER CT 100-KS de forma segura. Para ayudarle a tomar\ndecisiones bien fundadas en relación con la seguridad, hemos incluido Información de\nSeguridad, procedimientos de funcionamiento y tips de Conducción segura en este manual\nde Usuario y Garantía. Esta información le advierte sobre posibles peligros que podrían']","La ubicación de la llave o el mecanismo de apertura del tanque de gasolina en la Bajaj Boxer CT100 KS no se especifica claramente en la documentación proporcionada. Sin embargo, en la mayoría de las motocicletas, el mecanismo de apertura del tanque de gasolina suele estar ubicado en la parte superior del tanque o en un compartimiento cerca del asiento. Si necesitas localizar el mecanismo de apertura del tanque de gasolina en tu Bajaj Boxer CT100 KS, te recomiendo consultar el manual del propietario o contactar con un concesionario autorizado de Bajaj para obtener información precisa.","Está en el lateral del motor. Posiciones: ON, RES y OFF.",0.0,0.24884182620158493,0.0
cuales son las especificaciones de la bateria ,"['SA galgo\nMARCA: BAJAJ\nModelo: BOXER CT100 KS\nAño: 2024\nÚ MOTOR\nMOTOR\nMotor: 4 tiempos, Monocilindrico, SOHC\nSISTEMA e .\nC Cilindraje: 102 cc\n& Máxima potencia: 7.59 Hp @ 7500 rpm\nCHASIS\nTorque máximo: 8.24 N.m @ 5500 rpm\n—\ni\nEmbrague: Multi-Disco Bañado en Aceite\nDIMENSIONES\nDiámetro: 47 mm x 58.8 mm\nTransmisión: 4 Velocidades\nAlimentación: Carburador\nArranque: Pedal\nInformación extraída del sitio web oficial de la marca\n\nTablas:', 'CILINDRAJE 102 CC 97.2 CC\nPOTENCIA 7.59 HP 7500 RPM 7.7 HP 7500 RPM\nTORQUE 8.24 NM @5500 RPM 8.2 NM @4500 RPM\nENCENDIDO Pedal Pedal\nCAPACIDAD DEL 10.5 L 10.5 L\nTANQUE\nFRENO DELANTERO Tambor 110 mm Tambor\nSUSPENSION TRASERA Brazo oscilante, Tecnología SNS de 5 Doble amortiguador ajustable e\nposiciones\nUSB Si No\n*La información técnica e imágenes de referencia de las motocicletas fue tomada del\nsitio oficial de cada una de las marcas a la fecha 31/10/2024.\nBoxer CT100 KS\nPRECI\nVER AHORRO\nO Cotizar $\n*Modelo 2026. Precio referencial y\nVIGENTE\n$5.899.\nsujeto a cambios.\nCotizar $ Crédito $ *Aplican términos y 000\nCrédito $\ncondiciones.', 'EN ESPAÑOL\nHome / Bikes / Boxer Ct 100 Ks\nBOXER CT 100 KS\nKNOW MORE\nFunciones\nRendimiento\nPotencia líder en su clase\nMotor de 4 tiempos refrigerado por aire\nnatural\nConduzca con la promesa de la mejor\neficiencia de combustible de su clase de\n55 kmpl*, es decir, aproximadamente\nmás de 500 km con el tanque lleno.\nFiabilidad garantizada\nFiabilidad día tras día, con el músculo\npara conquistar los desafíos y el\nrendimiento para traspasar las fronteras.\n\nTablas:\nBOXER CT 100 KS\nKNOW MORE\nFunciones\nRendimiento\nPotencia líder en su clase\nMotor de 4 tiempos refrigerado por aire\nnatural\nConduzca con la promesa de la mejor\neficiencia de combustible de su clase de\n55 kmpl*, es decir, aproximadamente\nmás de 500 km con el tanque lleno.\nFiabilidad garantizada\nFiabilidad día tras día, con el músculo\npara conquistar los desafíos y el\nrendimiento para traspasar las fronteras.', '*Imágenes de referencia.\nTU NUEVA MOTO BAJAJ\nCOTIZATUBOXERCT100KS\nDiligencia el formulario o escríbenos por WhatsApp y nos pondremos en contacto\nlo más pronto posible para brindarte asesoría sobre cotizaciones, financiación,\npuntos de venta y más.\nBoxer CT100 KS\nPRECI\nVER AHORRO\nO Cotizar $\n*Modelo 2026. Precio referencial y\nVIGENTE\n$5.899.\nsujeto a cambios.\nCotizar $ Crédito $ *Aplican términos y 000\nCrédito $\ncondiciones.\n\nTablas:\n |  | \n |  | \n*Imágenes de referencia.\nTU NUEVA MOTO BAJAJ\nCOTIZATUBOXERCT100KS\nDiligencia el formulario o escríbenos por WhatsApp y nos pondremos en con\nlo más pronto posible para brindarte asesoría sobre cotizaciones, financia\npuntos de venta y más.\nBoxer CT100 KS\nPRECI\nVER AHORRO\nO Cotiza\n*Modelo 2026. Precio referencial y\nVIGENTE\n$5.899.\nsujeto a cambios.\nCotizar $ Crédito $ *Aplican términos y 000\nCré\ncondiciones. |  | tacto\nción,\nr $\ndito $', 'EN ESPAÑOL\nSeguridad\nHome / Bikes / Boxer Ct 100 Ks\nEl poder del control\nLlantas de aleación\nGrandes llantas de aleación de 17”,\ncombinadas con una larga distancia entre\nejes para una excelente estabilidad en\ncaminos irregulares.\nConducción sin tensión (Garantía)\nObtén tranquilidad con la garantía de 12\nmeses de Bajaj para 30,000 KMs.\nColores\nBicicleta de alto\nrendimiento que ofrece\npotencia, manejo,\nseguridad,\ncaracterísticas\nsuperiores\nAzul\nCaracterísticas técnicas\nMotor\n\nTablas:\nEN ESPAÑOL\nSeguridad\nHome / Bikes / Boxer Ct 100 Ks\nEl poder del control\nLlantas de aleación\nGrandes llantas de aleación de 17”,\ncombinadas con una larga distancia entre\nejes para una excelente estabilidad en\ncaminos irregulares.\nConducción sin tensión (Garantía)\nObtén tranquilidad con la garantía de 12\nmeses de Bajaj para 30,000 KMs.\nColores\nBicicleta de alto\nrendimiento que ofrece\npotencia, manejo,\nseguridad,\ncaracterísticas\nsuperiores\nAzul\nCaracterísticas técnicas\nMotor']","La información proporcionada no especifica las características de la batería de la Bajaj Boxer CT100 KS. Sin embargo, puedo sugerirte que consultes el manual del propietario o contactes con un concesionario autorizado de Bajaj para obtener información precisa sobre las especificaciones de la batería de tu motocicleta.","12V, 3Ah, tipo MF (libre de mantenimiento).",0.0,0.0,0.0
cuantas marchas tiene la moto,"['SA galgo\nMARCA: BAJAJ\nModelo: BOXER CT100 KS\nAño: 2024\nÚ MOTOR\nMOTOR\nMotor: 4 tiempos, Monocilindrico, SOHC\nSISTEMA e .\nC Cilindraje: 102 cc\n& Máxima potencia: 7.59 Hp @ 7500 rpm\nCHASIS\nTorque máximo: 8.24 N.m @ 5500 rpm\n—\ni\nEmbrague: Multi-Disco Bañado en Aceite\nDIMENSIONES\nDiámetro: 47 mm x 58.8 mm\nTransmisión: 4 Velocidades\nAlimentación: Carburador\nArranque: Pedal\nInformación extraída del sitio web oficial de la marca\n\nTablas:', 'CILINDRAJE 102 CC 97.2 CC\nPOTENCIA 7.59 HP 7500 RPM 7.7 HP 7500 RPM\nTORQUE 8.24 NM @5500 RPM 8.2 NM @4500 RPM\nENCENDIDO Pedal Pedal\nCAPACIDAD DEL 10.5 L 10.5 L\nTANQUE\nFRENO DELANTERO Tambor 110 mm Tambor\nSUSPENSION TRASERA Brazo oscilante, Tecnología SNS de 5 Doble amortiguador ajustable e\nposiciones\nUSB Si No\n*La información técnica e imágenes de referencia de las motocicletas fue tomada del\nsitio oficial de cada una de las marcas a la fecha 31/10/2024.\nBoxer CT100 KS\nPRECI\nVER AHORRO\nO Cotizar $\n*Modelo 2026. Precio referencial y\nVIGENTE\n$5.899.\nsujeto a cambios.\nCotizar $ Crédito $ *Aplican términos y 000\nCrédito $\ncondiciones.', '*Imágenes de referencia.\nTU NUEVA MOTO BAJAJ\nCOTIZATUBOXERCT100KS\nDiligencia el formulario o escríbenos por WhatsApp y nos pondremos en contacto\nlo más pronto posible para brindarte asesoría sobre cotizaciones, financiación,\npuntos de venta y más.\nBoxer CT100 KS\nPRECI\nVER AHORRO\nO Cotizar $\n*Modelo 2026. Precio referencial y\nVIGENTE\n$5.899.\nsujeto a cambios.\nCotizar $ Crédito $ *Aplican términos y 000\nCrédito $\ncondiciones.\n\nTablas:\n |  | \n |  | \n*Imágenes de referencia.\nTU NUEVA MOTO BAJAJ\nCOTIZATUBOXERCT100KS\nDiligencia el formulario o escríbenos por WhatsApp y nos pondremos en con\nlo más pronto posible para brindarte asesoría sobre cotizaciones, financia\npuntos de venta y más.\nBoxer CT100 KS\nPRECI\nVER AHORRO\nO Cotiza\n*Modelo 2026. Precio referencial y\nVIGENTE\n$5.899.\nsujeto a cambios.\nCotizar $ Crédito $ *Aplican términos y 000\nCré\ncondiciones. |  | tacto\nción,\nr $\ndito $', 'BOXER CT100 KS\nLAPREFERIDAPORLOSCOLOMBIANOS\nCon más de 639.409 motos vendidas a lo largo de los años es la moto más vendida en la\nhistoria de Colombia, lo que confirma que es preferida por los colombianos, porque es la\nmoto que te da más rendimiento en combustible con 370km/Galón, por su respaldo,\neconomía, fácil mantenimiento, repuestos económicos y disponibles, además con encendido\neléctrico.\nBoxer CT100 KS\nPRECI\nVER AHORRO\nO Cotizar $\n*Modelo 2026. Precio referencial y\nVIGENTE\n$5.899.\nsujeto a cambios.\nCotizar $ Crédito $ *Aplican términos y 000\nCrédito $\ncondiciones.\n\nTablas:\n | \n | \n | \n | \nza | r\n | \nré | dit\n | \n |', 'EN ESPAÑOL\nSeguridad\nHome / Bikes / Boxer Ct 100 Ks\nEl poder del control\nLlantas de aleación\nGrandes llantas de aleación de 17”,\ncombinadas con una larga distancia entre\nejes para una excelente estabilidad en\ncaminos irregulares.\nConducción sin tensión (Garantía)\nObtén tranquilidad con la garantía de 12\nmeses de Bajaj para 30,000 KMs.\nColores\nBicicleta de alto\nrendimiento que ofrece\npotencia, manejo,\nseguridad,\ncaracterísticas\nsuperiores\nAzul\nCaracterísticas técnicas\nMotor\n\nTablas:\nEN ESPAÑOL\nSeguridad\nHome / Bikes / Boxer Ct 100 Ks\nEl poder del control\nLlantas de aleación\nGrandes llantas de aleación de 17”,\ncombinadas con una larga distancia entre\nejes para una excelente estabilidad en\ncaminos irregulares.\nConducción sin tensión (Garantía)\nObtén tranquilidad con la garantía de 12\nmeses de Bajaj para 30,000 KMs.\nColores\nBicicleta de alto\nrendimiento que ofrece\npotencia, manejo,\nseguridad,\ncaracterísticas\nsuperiores\nAzul\nCaracterísticas técnicas\nMotor']","La Bajaj Boxer CT100 KS tiene una transmisión de 4 velocidades. Esto se menciona en la documentación técnica proporcionada, específicamente en la sección de características del motor, donde se indica que la transmisión es de 4 velocidades.",Tiene 4 velocidades.,0.75,0.24719379878420947,0.9999999999
cada cuanto debo realizarle un mantenimiento preventivo o uno correctivo,"['aconsejamos que asista a nuestros Centros de Servicio UMA de conducción y una larga duración sin problemas.\na realizar el mantenimiento preventivo.\n¡ Le deseamos un recorrido ilimitado de felicidad !\nPuede confiar que los Centros de Servicio UMA, están bien\nequipados con todas las instalaciones necesarias, habilidades\ny recursos humanos capacitados para el mantenimiento y las\nreparaciones de su “BAJAJ CT - 100 KS”. Es muy importante\nque siempre pida repuestos originales Bajaj para garantizar\nla seguridad, el rendimiento y la vida útil de su vehículo.', 'ADVERTENCIA Indica un peligro potencial o lesiones GRAVES a usted u otras personas y hacia el vehículo\nsi no se siguen las instrucciones.\nPRECAUCIÓN Indica un peligro potencial que podría resultar en daños SERIOS al vehículo o en HERIDAS\na usted. Siga los consejos con la debida precaución.\nPara garantizar su seguridad:\n•Lea con detenimiento este manual del propietario.\n•Siga todas las recomendaciones y procedimientos incluidos en este manual.\n•Preste especial atención a los mensajes de seguridad incluidos en el manual y en la motocicleta.\nIMPORTANTE Su seguridad y la de otras personas es muy importante. Es una responsabilidad importante\nconducir su motocicleta BAJAJ BOXER CT 100-KS de forma segura. Para ayudarle a tomar\ndecisiones bien fundadas en relación con la seguridad, hemos incluido Información de\nSeguridad, procedimientos de funcionamiento y tips de Conducción segura en este manual\nde Usuario y Garantía. Esta información le advierte sobre posibles peligros que podrían', 'ADVERTENCIA Indica un peligro potencial o lesiones GRAVES a usted u otras personas y hacia el vehículo\nsi no se siguen las instrucciones.\nPRECAUCIÓN Indica un peligro potencial que podría resultar en daños SERIOS al vehículo o en HERIDAS\na usted. Siga los consejos con la debida precaución.\nPara garantizar su seguridad:\n•Lea con detenimiento este manual del propietario.\n•Siga todas las recomendaciones y procedimientos incluidos en este manual.\n•Preste especial atención a los mensajes de seguridad incluidos en el manual y en la motocicleta.\nIMPORTANTE Su seguridad y la de otras personas es muy importante. Es una responsabilidad importante\nconducir su motocicleta BAJAJ BOXER CT 100-ES de forma segura. Para ayudarle a tomar\ndecisiones bien fundadas en relación con la seguridad, hemos incluido Información de\nSeguridad, procedimientos de funcionamiento y tips de Conducción segura en este manual\nde Usuario y Garantía. Esta información le advierte sobre posibles peligros que podrían', 'aconsejamos que asista a nuestros Centros de Servicio UMA de conducción y una larga duración sin problemas.\na realizar el mantenimiento preventivo.\n¡ Le deseamos un recorrido ilimitado de felicidad !\nCentros de Servicio UMA, están bien\nequipados con todas las instalaciones necesarias, habilidades\ny recursos humanos capacitados para el mantenimiento y las\nreparaciones de su “BAJAJ CT - 100 ES”. Es muy importante\nque siempre pida repuestos originales Bajaj para garantizar\nla seguridad, el rendimiento y la vida útil de su vehículo.', '¡BIENVENIDO!\nFELICIDADES por haber elegido una motocicleta “BAJAJ CT - En caso de necesitar cualquier información adicional, por favor\n100 KS”, una de las mejores motocicletas del país presentada acérquese al personal de Bajaj. Si es necesario, también puede\na usted por Bajaj Auto Limited y Grupo UMA S.A.S. escribir a los distribuidores que vendan nuestros productos, para\nobtener información de número de chasis, número de motor,\nAntes de prepararse para conducir su moto, por favor lea esta fecha de compra, distancia requerida en cada servicio, nombre del\nguía del usuario para familiarizarse con el mecanismo y los concesionario de venta y sus números de contacto. Por último, le\nmandos del vehículo. solicitamos llevar su motocicleta con el cuidado y mantenimiento\nperiódico, como se describe en este manual.\nPara mantener su motocicleta en perfecto estado de\nfuncionamiento y para ofrecer un rendimiento consistente, le Estamos seguros que esta le ofrecerá una experiencia placentera']","Para la Bajaj Boxer CT100 KS, se recomienda realizar un mantenimiento preventivo cada 5.000 km a 5.500 km o cada tres meses, lo que primero ocurra. Esto incluye cambiar el aceite, que debe ser de tipo 4T con especificaciones SAE 20 W 50/ 10 W 30, API SL, JASO MA. La capacidad de aceite para este modelo es de 1.000 cc para el cambio y 1.100 cc para el desensamble. Es importante seguir las recomendaciones del fabricante para asegurar una larga vida a los componentes del motor y evitar problemas de desgaste prematuro. Si necesitas más detalles, te recomiendo consultar el cuadro de mantenimiento periódico específico de la Bajaj Boxer CT100 KS.",Preventivo cada 5.000 km. Correctivo depende del desgaste. Es recomendable hacerlo en centros UMA.,0.2,0.1295131073694819,0.0
que tan alta es la moto,"['SA galgo\nMARCA: BAJAJ\nModelo: BOXER CT100 KS\nAño: 2024\nÚ MOTOR\nMOTOR\nMotor: 4 tiempos, Monocilindrico, SOHC\nSISTEMA e .\nC Cilindraje: 102 cc\n& Máxima potencia: 7.59 Hp @ 7500 rpm\nCHASIS\nTorque máximo: 8.24 N.m @ 5500 rpm\n—\ni\nEmbrague: Multi-Disco Bañado en Aceite\nDIMENSIONES\nDiámetro: 47 mm x 58.8 mm\nTransmisión: 4 Velocidades\nAlimentación: Carburador\nArranque: Pedal\nInformación extraída del sitio web oficial de la marca\n\nTablas:', '*Imágenes de referencia.\nTU NUEVA MOTO BAJAJ\nCOTIZATUBOXERCT100KS\nDiligencia el formulario o escríbenos por WhatsApp y nos pondremos en contacto\nlo más pronto posible para brindarte asesoría sobre cotizaciones, financiación,\npuntos de venta y más.\nBoxer CT100 KS\nPRECI\nVER AHORRO\nO Cotizar $\n*Modelo 2026. Precio referencial y\nVIGENTE\n$5.899.\nsujeto a cambios.\nCotizar $ Crédito $ *Aplican términos y 000\nCrédito $\ncondiciones.\n\nTablas:\n |  | \n |  | \n*Imágenes de referencia.\nTU NUEVA MOTO BAJAJ\nCOTIZATUBOXERCT100KS\nDiligencia el formulario o escríbenos por WhatsApp y nos pondremos en con\nlo más pronto posible para brindarte asesoría sobre cotizaciones, financia\npuntos de venta y más.\nBoxer CT100 KS\nPRECI\nVER AHORRO\nO Cotiza\n*Modelo 2026. Precio referencial y\nVIGENTE\n$5.899.\nsujeto a cambios.\nCotizar $ Crédito $ *Aplican términos y 000\nCré\ncondiciones. |  | tacto\nción,\nr $\ndito $', 'CILINDRAJE 102 CC 97.2 CC\nPOTENCIA 7.59 HP 7500 RPM 7.7 HP 7500 RPM\nTORQUE 8.24 NM @5500 RPM 8.2 NM @4500 RPM\nENCENDIDO Pedal Pedal\nCAPACIDAD DEL 10.5 L 10.5 L\nTANQUE\nFRENO DELANTERO Tambor 110 mm Tambor\nSUSPENSION TRASERA Brazo oscilante, Tecnología SNS de 5 Doble amortiguador ajustable e\nposiciones\nUSB Si No\n*La información técnica e imágenes de referencia de las motocicletas fue tomada del\nsitio oficial de cada una de las marcas a la fecha 31/10/2024.\nBoxer CT100 KS\nPRECI\nVER AHORRO\nO Cotizar $\n*Modelo 2026. Precio referencial y\nVIGENTE\n$5.899.\nsujeto a cambios.\nCotizar $ Crédito $ *Aplican términos y 000\nCrédito $\ncondiciones.', 'BOXER CT100 KS\nLAPROPIAPA’AHORRAR\nCon la Boxer CT100 KS descubre la combinación perfecta de economía,\nconfiabilidad y estilo.\nSELECCIONA EL COLOR:\n¡Dale un giro a tu próxima moto Bajaj!\nBoxer CT100 KS\nPRECI\nVER AHORRO\nO Cotizar $\n*Modelo 2026. Precio referencial y\nVIGENTE\n$5.899.\nsujeto a cambios.\nCotizar $ Crédito $ *Aplican términos y 000\nCrédito $\ncondiciones.\n\nTablas:\nBOXER CT100 KS\nLAPROPIAPA’AHORRAR\nCon la Boxer CT100 KS descubre la combinación perfecta de economía,\nconfiabilidad y estilo.\nSELECCIONA EL COLOR:\n¡Dale un giro a tu próxima moto Bajaj!\nBoxer CT100 KS\nPRECI\nVER AHORRO\nO Cotizar $\n*Modelo 2026. Precio referencial y\nVIGENTE\n$5.899.\nsujeto a cambios.\nCotizar $ Crédito $ *Aplican términos y 000\nCrédito $\ncondiciones.', 'EN ESPAÑOL\nSeguridad\nHome / Bikes / Boxer Ct 100 Ks\nEl poder del control\nLlantas de aleación\nGrandes llantas de aleación de 17”,\ncombinadas con una larga distancia entre\nejes para una excelente estabilidad en\ncaminos irregulares.\nConducción sin tensión (Garantía)\nObtén tranquilidad con la garantía de 12\nmeses de Bajaj para 30,000 KMs.\nColores\nBicicleta de alto\nrendimiento que ofrece\npotencia, manejo,\nseguridad,\ncaracterísticas\nsuperiores\nAzul\nCaracterísticas técnicas\nMotor\n\nTablas:\nEN ESPAÑOL\nSeguridad\nHome / Bikes / Boxer Ct 100 Ks\nEl poder del control\nLlantas de aleación\nGrandes llantas de aleación de 17”,\ncombinadas con una larga distancia entre\nejes para una excelente estabilidad en\ncaminos irregulares.\nConducción sin tensión (Garantía)\nObtén tranquilidad con la garantía de 12\nmeses de Bajaj para 30,000 KMs.\nColores\nBicicleta de alto\nrendimiento que ofrece\npotencia, manejo,\nseguridad,\ncaracterísticas\nsuperiores\nAzul\nCaracterísticas técnicas\nMotor']","La información proporcionada no especifica la altura de la Bajaj Boxer CT100 KS. Si necesitas obtener esta información, te recomiendo consultar el manual del propietario o contactar con un concesionario autorizado de Bajaj para obtener detalles precisos sobre las dimensiones de tu motocicleta.",Altura total: 1.072 mm.,0.0,0.16793985546144932,0.0
cual es la altura del asiento con respecto al piso,"['*Imágenes de referencia.\nTU NUEVA MOTO BAJAJ\nCOTIZATUBOXERCT100KS\nDiligencia el formulario o escríbenos por WhatsApp y nos pondremos en contacto\nlo más pronto posible para brindarte asesoría sobre cotizaciones, financiación,\npuntos de venta y más.\nBoxer CT100 KS\nPRECI\nVER AHORRO\nO Cotizar $\n*Modelo 2026. Precio referencial y\nVIGENTE\n$5.899.\nsujeto a cambios.\nCotizar $ Crédito $ *Aplican términos y 000\nCrédito $\ncondiciones.\n\nTablas:\n |  | \n |  | \n*Imágenes de referencia.\nTU NUEVA MOTO BAJAJ\nCOTIZATUBOXERCT100KS\nDiligencia el formulario o escríbenos por WhatsApp y nos pondremos en con\nlo más pronto posible para brindarte asesoría sobre cotizaciones, financia\npuntos de venta y más.\nBoxer CT100 KS\nPRECI\nVER AHORRO\nO Cotiza\n*Modelo 2026. Precio referencial y\nVIGENTE\n$5.899.\nsujeto a cambios.\nCotizar $ Crédito $ *Aplican términos y 000\nCré\ncondiciones. |  | tacto\nción,\nr $\ndito $', 'EN ESPAÑOL\nSeguridad\nHome / Bikes / Boxer Ct 100 Ks\nEl poder del control\nLlantas de aleación\nGrandes llantas de aleación de 17”,\ncombinadas con una larga distancia entre\nejes para una excelente estabilidad en\ncaminos irregulares.\nConducción sin tensión (Garantía)\nObtén tranquilidad con la garantía de 12\nmeses de Bajaj para 30,000 KMs.\nColores\nBicicleta de alto\nrendimiento que ofrece\npotencia, manejo,\nseguridad,\ncaracterísticas\nsuperiores\nAzul\nCaracterísticas técnicas\nMotor\n\nTablas:\nEN ESPAÑOL\nSeguridad\nHome / Bikes / Boxer Ct 100 Ks\nEl poder del control\nLlantas de aleación\nGrandes llantas de aleación de 17”,\ncombinadas con una larga distancia entre\nejes para una excelente estabilidad en\ncaminos irregulares.\nConducción sin tensión (Garantía)\nObtén tranquilidad con la garantía de 12\nmeses de Bajaj para 30,000 KMs.\nColores\nBicicleta de alto\nrendimiento que ofrece\npotencia, manejo,\nseguridad,\ncaracterísticas\nsuperiores\nAzul\nCaracterísticas técnicas\nMotor', 'BOXER CT100 KS\nLAPROPIAPA’AHORRAR\nCon la Boxer CT100 KS descubre la combinación perfecta de economía,\nconfiabilidad y estilo.\nSELECCIONA EL COLOR:\n¡Dale un giro a tu próxima moto Bajaj!\nBoxer CT100 KS\nPRECI\nVER AHORRO\nO Cotizar $\n*Modelo 2026. Precio referencial y\nVIGENTE\n$5.899.\nsujeto a cambios.\nCotizar $ Crédito $ *Aplican términos y 000\nCrédito $\ncondiciones.\n\nTablas:\nBOXER CT100 KS\nLAPROPIAPA’AHORRAR\nCon la Boxer CT100 KS descubre la combinación perfecta de economía,\nconfiabilidad y estilo.\nSELECCIONA EL COLOR:\n¡Dale un giro a tu próxima moto Bajaj!\nBoxer CT100 KS\nPRECI\nVER AHORRO\nO Cotizar $\n*Modelo 2026. Precio referencial y\nVIGENTE\n$5.899.\nsujeto a cambios.\nCotizar $ Crédito $ *Aplican términos y 000\nCrédito $\ncondiciones.', 'SA galgo\nMARCA: BAJAJ\nModelo: BOXER CT100 KS\nAño: 2024\nÚ MOTOR\nMOTOR\nMotor: 4 tiempos, Monocilindrico, SOHC\nSISTEMA e .\nC Cilindraje: 102 cc\n& Máxima potencia: 7.59 Hp @ 7500 rpm\nCHASIS\nTorque máximo: 8.24 N.m @ 5500 rpm\n—\ni\nEmbrague: Multi-Disco Bañado en Aceite\nDIMENSIONES\nDiámetro: 47 mm x 58.8 mm\nTransmisión: 4 Velocidades\nAlimentación: Carburador\nArranque: Pedal\nInformación extraída del sitio web oficial de la marca\n\nTablas:', 'Tablas:\n |  |  |  |  |  |  |  |  |  | \nDESCUBRE MOTOS SIMILARES\nSIMILARESAESTAMOTO\nVer todas 5\n44\nBOXER S BOXER\nVer más V |  |  |  |  |  |  |  |  |  | \n | 44\nBOXER S\nVer más |  | BOXER\nV |  |  |  |  |  |  | \n |  |  |  | BOXER\nV |  |  | C | 55\nT100 ES\nás |  | \n |  |  |  |  | V | er | m | ás |  | \n |  |  |  |  |  |  |  |  |  | \n |  |  |  |  |  |  |  |  |  | \n |  |  |  |  |  |  |  |  |  | \nBoxer CT100 KS\nPRECI\nVER AHORRO\nO Coti\n*Modelo 2026. Precio referencial y\nVIGENTE\n$5.899.\nsujeto a cambios.\nCotizar $ Crédito $ *Aplican términos y 000\nC\ncondiciones. |  |  |  |  |  |  |  | $\no $ |  | \n |  |  |  |  |  | za | r |  |  | \n |  |  |  |  |  |  |  |  |  | \n |  |  |  |  |  | ré | dit |  |  | \n |  |  |  |  |  |  |  |  |  | \n |  |  |  |  |  |  |  |  |  | \n | 44\n55 |']","La información proporcionada no especifica la altura del asiento de la Bajaj Boxer CT100 KS con respecto al piso. Si necesitas obtener esta información, te recomiendo consultar el manual del propietario o contactar con un concesionario autorizado de Bajaj para obtener detalles precisos sobre las dimensiones de tu motocicleta.",Altura del asiento: 784 mm.,0.0,0.0,0.0
cual es la presión de las llantas,"['EN ESPAÑOL\nSeguridad\nHome / Bikes / Boxer Ct 100 Ks\nEl poder del control\nLlantas de aleación\nGrandes llantas de aleación de 17”,\ncombinadas con una larga distancia entre\nejes para una excelente estabilidad en\ncaminos irregulares.\nConducción sin tensión (Garantía)\nObtén tranquilidad con la garantía de 12\nmeses de Bajaj para 30,000 KMs.\nColores\nBicicleta de alto\nrendimiento que ofrece\npotencia, manejo,\nseguridad,\ncaracterísticas\nsuperiores\nAzul\nCaracterísticas técnicas\nMotor\n\nTablas:\nEN ESPAÑOL\nSeguridad\nHome / Bikes / Boxer Ct 100 Ks\nEl poder del control\nLlantas de aleación\nGrandes llantas de aleación de 17”,\ncombinadas con una larga distancia entre\nejes para una excelente estabilidad en\ncaminos irregulares.\nConducción sin tensión (Garantía)\nObtén tranquilidad con la garantía de 12\nmeses de Bajaj para 30,000 KMs.\nColores\nBicicleta de alto\nrendimiento que ofrece\npotencia, manejo,\nseguridad,\ncaracterísticas\nsuperiores\nAzul\nCaracterísticas técnicas\nMotor', 'ADVERTENCIA Indica un peligro potencial o lesiones GRAVES a usted u otras personas y hacia el vehículo\nsi no se siguen las instrucciones.\nPRECAUCIÓN Indica un peligro potencial que podría resultar en daños SERIOS al vehículo o en HERIDAS\na usted. Siga los consejos con la debida precaución.\nPara garantizar su seguridad:\n•Lea con detenimiento este manual del propietario.\n•Siga todas las recomendaciones y procedimientos incluidos en este manual.\n•Preste especial atención a los mensajes de seguridad incluidos en el manual y en la motocicleta.\nIMPORTANTE Su seguridad y la de otras personas es muy importante. Es una responsabilidad importante\nconducir su motocicleta BAJAJ BOXER CT 100-KS de forma segura. Para ayudarle a tomar\ndecisiones bien fundadas en relación con la seguridad, hemos incluido Información de\nSeguridad, procedimientos de funcionamiento y tips de Conducción segura en este manual\nde Usuario y Garantía. Esta información le advierte sobre posibles peligros que podrían', 'CILINDRAJE 102 CC 97.2 CC\nPOTENCIA 7.59 HP 7500 RPM 7.7 HP 7500 RPM\nTORQUE 8.24 NM @5500 RPM 8.2 NM @4500 RPM\nENCENDIDO Pedal Pedal\nCAPACIDAD DEL 10.5 L 10.5 L\nTANQUE\nFRENO DELANTERO Tambor 110 mm Tambor\nSUSPENSION TRASERA Brazo oscilante, Tecnología SNS de 5 Doble amortiguador ajustable e\nposiciones\nUSB Si No\n*La información técnica e imágenes de referencia de las motocicletas fue tomada del\nsitio oficial de cada una de las marcas a la fecha 31/10/2024.\nBoxer CT100 KS\nPRECI\nVER AHORRO\nO Cotizar $\n*Modelo 2026. Precio referencial y\nVIGENTE\n$5.899.\nsujeto a cambios.\nCotizar $ Crédito $ *Aplican términos y 000\nCrédito $\ncondiciones.', 'ADVERTENCIA Indica un peligro potencial o lesiones GRAVES a usted u otras personas y hacia el vehículo\nsi no se siguen las instrucciones.\nPRECAUCIÓN Indica un peligro potencial que podría resultar en daños SERIOS al vehículo o en HERIDAS\na usted. Siga los consejos con la debida precaución.\nPara garantizar su seguridad:\n•Lea con detenimiento este manual del propietario.\n•Siga todas las recomendaciones y procedimientos incluidos en este manual.\n•Preste especial atención a los mensajes de seguridad incluidos en el manual y en la motocicleta.\nIMPORTANTE Su seguridad y la de otras personas es muy importante. Es una responsabilidad importante\nconducir su motocicleta BAJAJ BOXER CT 100-ES de forma segura. Para ayudarle a tomar\ndecisiones bien fundadas en relación con la seguridad, hemos incluido Información de\nSeguridad, procedimientos de funcionamiento y tips de Conducción segura en este manual\nde Usuario y Garantía. Esta información le advierte sobre posibles peligros que podrían', '¡BIENVENIDO!\nFELICIDADES por haber elegido una motocicleta “BAJAJ CT - En caso de necesitar cualquier información adicional, por favor\n100 KS”, una de las mejores motocicletas del país presentada acérquese al personal de Bajaj. Si es necesario, también puede\na usted por Bajaj Auto Limited y Grupo UMA S.A.S. escribir a los distribuidores que vendan nuestros productos, para\nobtener información de número de chasis, número de motor,\nAntes de prepararse para conducir su moto, por favor lea esta fecha de compra, distancia requerida en cada servicio, nombre del\nguía del usuario para familiarizarse con el mecanismo y los concesionario de venta y sus números de contacto. Por último, le\nmandos del vehículo. solicitamos llevar su motocicleta con el cuidado y mantenimiento\nperiódico, como se describe en este manual.\nPara mantener su motocicleta en perfecto estado de\nfuncionamiento y para ofrecer un rendimiento consistente, le Estamos seguros que esta le ofrecerá una experiencia placentera']","La información proporcionada no especifica la presión recomendada para las llantas de la Bajaj Boxer CT100 KS. Sin embargo, se menciona que la motocicleta cuenta con llantas de aleación de 17” para una excelente estabilidad en caminos irregulares. Si necesitas obtener la presión recomendada para las llantas, te recomiendo consultar el manual del propietario o contactar con un concesionario autorizado de Bajaj para obtener información precisa.",Delantera: 25 PSI. Trasera sin pasajero: 28 PSI. Trasera con pasajero: 32 PSI.,0.3333333333333333,0.06552247261574552,0.0
que tipos de frenos tiene la moto ,"['CILINDRAJE 102 CC 97.2 CC\nPOTENCIA 7.59 HP 7500 RPM 7.7 HP 7500 RPM\nTORQUE 8.24 NM @5500 RPM 8.2 NM @4500 RPM\nENCENDIDO Pedal Pedal\nCAPACIDAD DEL 10.5 L 10.5 L\nTANQUE\nFRENO DELANTERO Tambor 110 mm Tambor\nSUSPENSION TRASERA Brazo oscilante, Tecnología SNS de 5 Doble amortiguador ajustable e\nposiciones\nUSB Si No\n*La información técnica e imágenes de referencia de las motocicletas fue tomada del\nsitio oficial de cada una de las marcas a la fecha 31/10/2024.\nBoxer CT100 KS\nPRECI\nVER AHORRO\nO Cotizar $\n*Modelo 2026. Precio referencial y\nVIGENTE\n$5.899.\nsujeto a cambios.\nCotizar $ Crédito $ *Aplican términos y 000\nCrédito $\ncondiciones.', 'EN ESPAÑOL\nSeguridad\nHome / Bikes / Boxer Ct 100 Ks\nEl poder del control\nLlantas de aleación\nGrandes llantas de aleación de 17”,\ncombinadas con una larga distancia entre\nejes para una excelente estabilidad en\ncaminos irregulares.\nConducción sin tensión (Garantía)\nObtén tranquilidad con la garantía de 12\nmeses de Bajaj para 30,000 KMs.\nColores\nBicicleta de alto\nrendimiento que ofrece\npotencia, manejo,\nseguridad,\ncaracterísticas\nsuperiores\nAzul\nCaracterísticas técnicas\nMotor\n\nTablas:\nEN ESPAÑOL\nSeguridad\nHome / Bikes / Boxer Ct 100 Ks\nEl poder del control\nLlantas de aleación\nGrandes llantas de aleación de 17”,\ncombinadas con una larga distancia entre\nejes para una excelente estabilidad en\ncaminos irregulares.\nConducción sin tensión (Garantía)\nObtén tranquilidad con la garantía de 12\nmeses de Bajaj para 30,000 KMs.\nColores\nBicicleta de alto\nrendimiento que ofrece\npotencia, manejo,\nseguridad,\ncaracterísticas\nsuperiores\nAzul\nCaracterísticas técnicas\nMotor', 'BOXER CT100 KS\nLAPROPIAPA’AHORRAR\nCon la Boxer CT100 KS descubre la combinación perfecta de economía,\nconfiabilidad y estilo.\nSELECCIONA EL COLOR:\n¡Dale un giro a tu próxima moto Bajaj!\nBoxer CT100 KS\nPRECI\nVER AHORRO\nO Cotizar $\n*Modelo 2026. Precio referencial y\nVIGENTE\n$5.899.\nsujeto a cambios.\nCotizar $ Crédito $ *Aplican términos y 000\nCrédito $\ncondiciones.\n\nTablas:\nBOXER CT100 KS\nLAPROPIAPA’AHORRAR\nCon la Boxer CT100 KS descubre la combinación perfecta de economía,\nconfiabilidad y estilo.\nSELECCIONA EL COLOR:\n¡Dale un giro a tu próxima moto Bajaj!\nBoxer CT100 KS\nPRECI\nVER AHORRO\nO Cotizar $\n*Modelo 2026. Precio referencial y\nVIGENTE\n$5.899.\nsujeto a cambios.\nCotizar $ Crédito $ *Aplican términos y 000\nCrédito $\ncondiciones.', '*Imágenes de referencia.\nTU NUEVA MOTO BAJAJ\nCOTIZATUBOXERCT100KS\nDiligencia el formulario o escríbenos por WhatsApp y nos pondremos en contacto\nlo más pronto posible para brindarte asesoría sobre cotizaciones, financiación,\npuntos de venta y más.\nBoxer CT100 KS\nPRECI\nVER AHORRO\nO Cotizar $\n*Modelo 2026. Precio referencial y\nVIGENTE\n$5.899.\nsujeto a cambios.\nCotizar $ Crédito $ *Aplican términos y 000\nCrédito $\ncondiciones.\n\nTablas:\n |  | \n |  | \n*Imágenes de referencia.\nTU NUEVA MOTO BAJAJ\nCOTIZATUBOXERCT100KS\nDiligencia el formulario o escríbenos por WhatsApp y nos pondremos en con\nlo más pronto posible para brindarte asesoría sobre cotizaciones, financia\npuntos de venta y más.\nBoxer CT100 KS\nPRECI\nVER AHORRO\nO Cotiza\n*Modelo 2026. Precio referencial y\nVIGENTE\n$5.899.\nsujeto a cambios.\nCotizar $ Crédito $ *Aplican términos y 000\nCré\ncondiciones. |  | tacto\nción,\nr $\ndito $', 'SA galgo\nMARCA: BAJAJ\nModelo: BOXER CT100 KS\nAño: 2024\nÚ MOTOR\nMOTOR\nMotor: 4 tiempos, Monocilindrico, SOHC\nSISTEMA e .\nC Cilindraje: 102 cc\n& Máxima potencia: 7.59 Hp @ 7500 rpm\nCHASIS\nTorque máximo: 8.24 N.m @ 5500 rpm\n—\ni\nEmbrague: Multi-Disco Bañado en Aceite\nDIMENSIONES\nDiámetro: 47 mm x 58.8 mm\nTransmisión: 4 Velocidades\nAlimentación: Carburador\nArranque: Pedal\nInformación extraída del sitio web oficial de la marca\n\nTablas:']","La Bajaj Boxer CT100 KS cuenta con un freno delantero de tipo tambor de 110 mm. No se proporciona información específica sobre el freno trasero en el contexto dado. Si necesitas más detalles, te recomiendo consultar el manual del propietario o contactar con un concesionario autorizado de Bajaj para obtener información precisa.","Frenos de tambor adelante y atrás, ambos de 110 mm.",0.3333333333333333,0.0,0.0
como hago el despegue o asentamiento del motor,"['SA galgo\nMARCA: BAJAJ\nModelo: BOXER CT100 KS\nAño: 2024\nÚ MOTOR\nMOTOR\nMotor: 4 tiempos, Monocilindrico, SOHC\nSISTEMA e .\nC Cilindraje: 102 cc\n& Máxima potencia: 7.59 Hp @ 7500 rpm\nCHASIS\nTorque máximo: 8.24 N.m @ 5500 rpm\n—\ni\nEmbrague: Multi-Disco Bañado en Aceite\nDIMENSIONES\nDiámetro: 47 mm x 58.8 mm\nTransmisión: 4 Velocidades\nAlimentación: Carburador\nArranque: Pedal\nInformación extraída del sitio web oficial de la marca\n\nTablas:', 'ADVERTENCIA Indica un peligro potencial o lesiones GRAVES a usted u otras personas y hacia el vehículo\nsi no se siguen las instrucciones.\nPRECAUCIÓN Indica un peligro potencial que podría resultar en daños SERIOS al vehículo o en HERIDAS\na usted. Siga los consejos con la debida precaución.\nPara garantizar su seguridad:\n•Lea con detenimiento este manual del propietario.\n•Siga todas las recomendaciones y procedimientos incluidos en este manual.\n•Preste especial atención a los mensajes de seguridad incluidos en el manual y en la motocicleta.\nIMPORTANTE Su seguridad y la de otras personas es muy importante. Es una responsabilidad importante\nconducir su motocicleta BAJAJ BOXER CT 100-KS de forma segura. Para ayudarle a tomar\ndecisiones bien fundadas en relación con la seguridad, hemos incluido Información de\nSeguridad, procedimientos de funcionamiento y tips de Conducción segura en este manual\nde Usuario y Garantía. Esta información le advierte sobre posibles peligros que podrían', 'ADVERTENCIA Indica un peligro potencial o lesiones GRAVES a usted u otras personas y hacia el vehículo\nsi no se siguen las instrucciones.\nPRECAUCIÓN Indica un peligro potencial que podría resultar en daños SERIOS al vehículo o en HERIDAS\na usted. Siga los consejos con la debida precaución.\nPara garantizar su seguridad:\n•Lea con detenimiento este manual del propietario.\n•Siga todas las recomendaciones y procedimientos incluidos en este manual.\n•Preste especial atención a los mensajes de seguridad incluidos en el manual y en la motocicleta.\nIMPORTANTE Su seguridad y la de otras personas es muy importante. Es una responsabilidad importante\nconducir su motocicleta BAJAJ BOXER CT 100-ES de forma segura. Para ayudarle a tomar\ndecisiones bien fundadas en relación con la seguridad, hemos incluido Información de\nSeguridad, procedimientos de funcionamiento y tips de Conducción segura en este manual\nde Usuario y Garantía. Esta información le advierte sobre posibles peligros que podrían', '¡BIENVENIDO!\nFELICIDADES por haber elegido una motocicleta “BAJAJ CT - En caso de necesitar cualquier información adicional, por favor\n100 KS”, una de las mejores motocicletas del país presentada acérquese al personal de Bajaj. Si es necesario, también puede\na usted por Bajaj Auto Limited y Grupo UMA S.A.S. escribir a los distribuidores que vendan nuestros productos, para\nobtener información de número de chasis, número de motor,\nAntes de prepararse para conducir su moto, por favor lea esta fecha de compra, distancia requerida en cada servicio, nombre del\nguía del usuario para familiarizarse con el mecanismo y los concesionario de venta y sus números de contacto. Por último, le\nmandos del vehículo. solicitamos llevar su motocicleta con el cuidado y mantenimiento\nperiódico, como se describe en este manual.\nPara mantener su motocicleta en perfecto estado de\nfuncionamiento y para ofrecer un rendimiento consistente, le Estamos seguros que esta le ofrecerá una experiencia placentera', 'CILINDRAJE 102 CC 97.2 CC\nPOTENCIA 7.59 HP 7500 RPM 7.7 HP 7500 RPM\nTORQUE 8.24 NM @5500 RPM 8.2 NM @4500 RPM\nENCENDIDO Pedal Pedal\nCAPACIDAD DEL 10.5 L 10.5 L\nTANQUE\nFRENO DELANTERO Tambor 110 mm Tambor\nSUSPENSION TRASERA Brazo oscilante, Tecnología SNS de 5 Doble amortiguador ajustable e\nposiciones\nUSB Si No\n*La información técnica e imágenes de referencia de las motocicletas fue tomada del\nsitio oficial de cada una de las marcas a la fecha 31/10/2024.\nBoxer CT100 KS\nPRECI\nVER AHORRO\nO Cotizar $\n*Modelo 2026. Precio referencial y\nVIGENTE\n$5.899.\nsujeto a cambios.\nCotizar $ Crédito $ *Aplican términos y 000\nCrédito $\ncondiciones.']","El arranque del motor de la Bajaj Boxer CT100 KS se realiza mediante un pedal. Esto se menciona en la documentación técnica proporcionada, específicamente en la sección de características del motor, donde se indica que el arranque es de tipo ""Pedal"". No se proporcionan instrucciones detalladas sobre el proceso de arranque, pero generalmente, para arrancar la motocicleta, debes seguir los pasos habituales de presionar el pedal de arranque mientras asegurarte de que el freno de mano esté activado y la transmisión esté en punto muerto. Si necesitas más detalles o instrucciones específicas, te recomiendo consultar el manual del propietario de la Bajaj Boxer CT100 KS.",Evitar acelerones y frenadas bruscas durante los primeros 2.000 km. Seguir los límites de velocidad por marcha.,0.25,0.35893429032387986,0.0
cuanto tiempo dura la garantía de la moto,"['EN ESPAÑOL\nSeguridad\nHome / Bikes / Boxer Ct 100 Ks\nEl poder del control\nLlantas de aleación\nGrandes llantas de aleación de 17”,\ncombinadas con una larga distancia entre\nejes para una excelente estabilidad en\ncaminos irregulares.\nConducción sin tensión (Garantía)\nObtén tranquilidad con la garantía de 12\nmeses de Bajaj para 30,000 KMs.\nColores\nBicicleta de alto\nrendimiento que ofrece\npotencia, manejo,\nseguridad,\ncaracterísticas\nsuperiores\nAzul\nCaracterísticas técnicas\nMotor\n\nTablas:\nEN ESPAÑOL\nSeguridad\nHome / Bikes / Boxer Ct 100 Ks\nEl poder del control\nLlantas de aleación\nGrandes llantas de aleación de 17”,\ncombinadas con una larga distancia entre\nejes para una excelente estabilidad en\ncaminos irregulares.\nConducción sin tensión (Garantía)\nObtén tranquilidad con la garantía de 12\nmeses de Bajaj para 30,000 KMs.\nColores\nBicicleta de alto\nrendimiento que ofrece\npotencia, manejo,\nseguridad,\ncaracterísticas\nsuperiores\nAzul\nCaracterísticas técnicas\nMotor', '*Imágenes de referencia.\nTU NUEVA MOTO BAJAJ\nCOTIZATUBOXERCT100KS\nDiligencia el formulario o escríbenos por WhatsApp y nos pondremos en contacto\nlo más pronto posible para brindarte asesoría sobre cotizaciones, financiación,\npuntos de venta y más.\nBoxer CT100 KS\nPRECI\nVER AHORRO\nO Cotizar $\n*Modelo 2026. Precio referencial y\nVIGENTE\n$5.899.\nsujeto a cambios.\nCotizar $ Crédito $ *Aplican términos y 000\nCrédito $\ncondiciones.\n\nTablas:\n |  | \n |  | \n*Imágenes de referencia.\nTU NUEVA MOTO BAJAJ\nCOTIZATUBOXERCT100KS\nDiligencia el formulario o escríbenos por WhatsApp y nos pondremos en con\nlo más pronto posible para brindarte asesoría sobre cotizaciones, financia\npuntos de venta y más.\nBoxer CT100 KS\nPRECI\nVER AHORRO\nO Cotiza\n*Modelo 2026. Precio referencial y\nVIGENTE\n$5.899.\nsujeto a cambios.\nCotizar $ Crédito $ *Aplican términos y 000\nCré\ncondiciones. |  | tacto\nción,\nr $\ndito $', 'SA galgo\nMARCA: BAJAJ\nModelo: BOXER CT100 KS\nAño: 2024\nÚ MOTOR\nMOTOR\nMotor: 4 tiempos, Monocilindrico, SOHC\nSISTEMA e .\nC Cilindraje: 102 cc\n& Máxima potencia: 7.59 Hp @ 7500 rpm\nCHASIS\nTorque máximo: 8.24 N.m @ 5500 rpm\n—\ni\nEmbrague: Multi-Disco Bañado en Aceite\nDIMENSIONES\nDiámetro: 47 mm x 58.8 mm\nTransmisión: 4 Velocidades\nAlimentación: Carburador\nArranque: Pedal\nInformación extraída del sitio web oficial de la marca\n\nTablas:', 'BOXER CT100 KS\nLAPROPIAPA’AHORRAR\nCon la Boxer CT100 KS descubre la combinación perfecta de economía,\nconfiabilidad y estilo.\nSELECCIONA EL COLOR:\n¡Dale un giro a tu próxima moto Bajaj!\nBoxer CT100 KS\nPRECI\nVER AHORRO\nO Cotizar $\n*Modelo 2026. Precio referencial y\nVIGENTE\n$5.899.\nsujeto a cambios.\nCotizar $ Crédito $ *Aplican términos y 000\nCrédito $\ncondiciones.\n\nTablas:\nBOXER CT100 KS\nLAPROPIAPA’AHORRAR\nCon la Boxer CT100 KS descubre la combinación perfecta de economía,\nconfiabilidad y estilo.\nSELECCIONA EL COLOR:\n¡Dale un giro a tu próxima moto Bajaj!\nBoxer CT100 KS\nPRECI\nVER AHORRO\nO Cotizar $\n*Modelo 2026. Precio referencial y\nVIGENTE\n$5.899.\nsujeto a cambios.\nCotizar $ Crédito $ *Aplican términos y 000\nCrédito $\ncondiciones.', 'EN ESPAÑOL\nHome / Bikes / Boxer Ct 100 Ks\nBOXER CT 100 KS\nKNOW MORE\nFunciones\nRendimiento\nPotencia líder en su clase\nMotor de 4 tiempos refrigerado por aire\nnatural\nConduzca con la promesa de la mejor\neficiencia de combustible de su clase de\n55 kmpl*, es decir, aproximadamente\nmás de 500 km con el tanque lleno.\nFiabilidad garantizada\nFiabilidad día tras día, con el músculo\npara conquistar los desafíos y el\nrendimiento para traspasar las fronteras.\n\nTablas:\nBOXER CT 100 KS\nKNOW MORE\nFunciones\nRendimiento\nPotencia líder en su clase\nMotor de 4 tiempos refrigerado por aire\nnatural\nConduzca con la promesa de la mejor\neficiencia de combustible de su clase de\n55 kmpl*, es decir, aproximadamente\nmás de 500 km con el tanque lleno.\nFiabilidad garantizada\nFiabilidad día tras día, con el músculo\npara conquistar los desafíos y el\nrendimiento para traspasar las fronteras.']","La garantía de la Bajaj Boxer CT100 KS es de 12 meses o 30,000 km, lo que ocurra primero. Esto se menciona en la sección ""Conducción sin tensión (Garantía)"" del contexto proporcionado.","12 meses o 20.000 kilómetros, lo que ocurra primero.",1.0,0.20118028455759765,0.0
cuanto es la emisión de gases de la moto,"['SA galgo\nMARCA: BAJAJ\nModelo: BOXER CT100 KS\nAño: 2024\nÚ MOTOR\nMOTOR\nMotor: 4 tiempos, Monocilindrico, SOHC\nSISTEMA e .\nC Cilindraje: 102 cc\n& Máxima potencia: 7.59 Hp @ 7500 rpm\nCHASIS\nTorque máximo: 8.24 N.m @ 5500 rpm\n—\ni\nEmbrague: Multi-Disco Bañado en Aceite\nDIMENSIONES\nDiámetro: 47 mm x 58.8 mm\nTransmisión: 4 Velocidades\nAlimentación: Carburador\nArranque: Pedal\nInformación extraída del sitio web oficial de la marca\n\nTablas:', 'EN ESPAÑOL\nHome / Bikes / Boxer Ct 100 Ks\nBOXER CT 100 KS\nKNOW MORE\nFunciones\nRendimiento\nPotencia líder en su clase\nMotor de 4 tiempos refrigerado por aire\nnatural\nConduzca con la promesa de la mejor\neficiencia de combustible de su clase de\n55 kmpl*, es decir, aproximadamente\nmás de 500 km con el tanque lleno.\nFiabilidad garantizada\nFiabilidad día tras día, con el músculo\npara conquistar los desafíos y el\nrendimiento para traspasar las fronteras.\n\nTablas:\nBOXER CT 100 KS\nKNOW MORE\nFunciones\nRendimiento\nPotencia líder en su clase\nMotor de 4 tiempos refrigerado por aire\nnatural\nConduzca con la promesa de la mejor\neficiencia de combustible de su clase de\n55 kmpl*, es decir, aproximadamente\nmás de 500 km con el tanque lleno.\nFiabilidad garantizada\nFiabilidad día tras día, con el músculo\npara conquistar los desafíos y el\nrendimiento para traspasar las fronteras.', 'CT 100 KS\nENEMIGA # 1 DE LA GASOLINA\nMOTOR\nTipo 4 Tiempos, Monocilíndrico,\nSOHC\nCilindraje 102 cc\nDiametro y Carrera 47 mm x 58.8 mm\nRelación Compresión 9,8:1\nPotencia 7.59 Hp @ 7500 rpm\nTorque 8.24 N.m @ 5500 rpm\nRalentí 1450 +/- 100 RPM\nColores\nEncendido CDI DC\nBujía Champion PRZ9HC/\nTransmisión B 4 o V s e c lo h c U id R a 4 d A e C s AND STE II SBF T RLEOE M NQOUAES O AUL S TU EI O S C NT EMCE S EÁ M NT(A A IICD H D OO O E D) E SIDS DET I ECU MIRRN AC AUD L( EAD LCR UILÓC )NES\nLubricación Cárter Húmedo. Forzada\nRefrigeración Aire\nAlimentación Carburador • Tecnología EURO 3\nEmbrague Multi-Disco Bañado en Aceite\n- Tecnología: (Válvula SAI + Catalizador 3 Vías +\nCombustible Sin Plomo, tipo corriente Ventilación Positiva) - Beneficio: Menores emisiones\nArranque Pedal gases contaminantes + amigable con el medio\nambiente\nDIMENSIONES\nLongitud 1965 mm\nAncho 752 mm\nAltura 1072 mm\nDistancia entre Ejes 1235 mm\nDistancia mínima del Suelo 169 mm • Puerto USB Inteligente', 'Torque máximo: 8.24 N.m @ 5500 rpm\nCHASIS\nEmbrague: Multi-Disco Bañado en\nAceite\nDIMENSIONES Diámetro: 47 mm x 58.8 mm\nTransmisión: 4 Velocidades\nAlimentación: Carburador\nArranque: Pedal\nPRECIOS DE REMATE\nEn modelos 2024.\nConócelos aquí $\nSOLICITA TU FINANCIAMIENTO\nSimula tu crédito con SUFI\nBoxer CT100 KS\nPRECI\nVER AHORRO\nO Cotizar $\n*Modelo 2026. Precio referencial Iyngresar alV sIiGmEuNlaTdEor $\n$5.899.\nsujeto a cambios.\nCotizar $ Crédito $ *Aplican términos y 000\nCrédito $\ncondiciones.', '*Imágenes de referencia.\nTU NUEVA MOTO BAJAJ\nCOTIZATUBOXERCT100KS\nDiligencia el formulario o escríbenos por WhatsApp y nos pondremos en contacto\nlo más pronto posible para brindarte asesoría sobre cotizaciones, financiación,\npuntos de venta y más.\nBoxer CT100 KS\nPRECI\nVER AHORRO\nO Cotizar $\n*Modelo 2026. Precio referencial y\nVIGENTE\n$5.899.\nsujeto a cambios.\nCotizar $ Crédito $ *Aplican términos y 000\nCrédito $\ncondiciones.\n\nTablas:\n |  | \n |  | \n*Imágenes de referencia.\nTU NUEVA MOTO BAJAJ\nCOTIZATUBOXERCT100KS\nDiligencia el formulario o escríbenos por WhatsApp y nos pondremos en con\nlo más pronto posible para brindarte asesoría sobre cotizaciones, financia\npuntos de venta y más.\nBoxer CT100 KS\nPRECI\nVER AHORRO\nO Cotiza\n*Modelo 2026. Precio referencial y\nVIGENTE\n$5.899.\nsujeto a cambios.\nCotizar $ Crédito $ *Aplican términos y 000\nCré\ncondiciones. |  | tacto\nción,\nr $\ndito $']","La Bajaj Boxer CT100 KS cuenta con tecnología EURO 3, que incluye una válvula SAI, un catalizador 3 vías y ventilación positiva, lo que contribuye a menores emisiones de gases contaminantes y es amigable con el medio ambiente. Sin embargo, no se proporcionan valores específicos de emisión de gases en el contexto dado.","la moto cumple con la Ley 1972 de Julio de 2019, que regula los niveles de emisión de gases contaminantes en Colombia. Los niveles máximos permitidos para gases contaminantes en Colombia son: Monóxido de Carbono (CO): máximo 4.5%. Hidrocarburos (HC): máximo 2000 ppm.",0.75,0.0,0.0
cuantos kilómetros hace por galón,"['EN ESPAÑOL\nHome / Bikes / Boxer Ct 100 Ks\nBOXER CT 100 KS\nKNOW MORE\nFunciones\nRendimiento\nPotencia líder en su clase\nMotor de 4 tiempos refrigerado por aire\nnatural\nConduzca con la promesa de la mejor\neficiencia de combustible de su clase de\n55 kmpl*, es decir, aproximadamente\nmás de 500 km con el tanque lleno.\nFiabilidad garantizada\nFiabilidad día tras día, con el músculo\npara conquistar los desafíos y el\nrendimiento para traspasar las fronteras.\n\nTablas:\nBOXER CT 100 KS\nKNOW MORE\nFunciones\nRendimiento\nPotencia líder en su clase\nMotor de 4 tiempos refrigerado por aire\nnatural\nConduzca con la promesa de la mejor\neficiencia de combustible de su clase de\n55 kmpl*, es decir, aproximadamente\nmás de 500 km con el tanque lleno.\nFiabilidad garantizada\nFiabilidad día tras día, con el músculo\npara conquistar los desafíos y el\nrendimiento para traspasar las fronteras.', 'SA galgo\nMARCA: BAJAJ\nModelo: BOXER CT100 KS\nAño: 2024\nÚ MOTOR\nMOTOR\nMotor: 4 tiempos, Monocilindrico, SOHC\nSISTEMA e .\nC Cilindraje: 102 cc\n& Máxima potencia: 7.59 Hp @ 7500 rpm\nCHASIS\nTorque máximo: 8.24 N.m @ 5500 rpm\n—\ni\nEmbrague: Multi-Disco Bañado en Aceite\nDIMENSIONES\nDiámetro: 47 mm x 58.8 mm\nTransmisión: 4 Velocidades\nAlimentación: Carburador\nArranque: Pedal\nInformación extraída del sitio web oficial de la marca\n\nTablas:', 'BOXER CT100 KS\nLAPREFERIDAPORLOSCOLOMBIANOS\nCon más de 639.409 motos vendidas a lo largo de los años es la moto más vendida en la\nhistoria de Colombia, lo que confirma que es preferida por los colombianos, porque es la\nmoto que te da más rendimiento en combustible con 370km/Galón, por su respaldo,\neconomía, fácil mantenimiento, repuestos económicos y disponibles, además con encendido\neléctrico.\nBoxer CT100 KS\nPRECI\nVER AHORRO\nO Cotizar $\n*Modelo 2026. Precio referencial y\nVIGENTE\n$5.899.\nsujeto a cambios.\nCotizar $ Crédito $ *Aplican términos y 000\nCrédito $\ncondiciones.\n\nTablas:\n | \n | \n | \n | \nza | r\n | \nré | dit\n | \n |', '*Imágenes de referencia.\nTU NUEVA MOTO BAJAJ\nCOTIZATUBOXERCT100KS\nDiligencia el formulario o escríbenos por WhatsApp y nos pondremos en contacto\nlo más pronto posible para brindarte asesoría sobre cotizaciones, financiación,\npuntos de venta y más.\nBoxer CT100 KS\nPRECI\nVER AHORRO\nO Cotizar $\n*Modelo 2026. Precio referencial y\nVIGENTE\n$5.899.\nsujeto a cambios.\nCotizar $ Crédito $ *Aplican términos y 000\nCrédito $\ncondiciones.\n\nTablas:\n |  | \n |  | \n*Imágenes de referencia.\nTU NUEVA MOTO BAJAJ\nCOTIZATUBOXERCT100KS\nDiligencia el formulario o escríbenos por WhatsApp y nos pondremos en con\nlo más pronto posible para brindarte asesoría sobre cotizaciones, financia\npuntos de venta y más.\nBoxer CT100 KS\nPRECI\nVER AHORRO\nO Cotiza\n*Modelo 2026. Precio referencial y\nVIGENTE\n$5.899.\nsujeto a cambios.\nCotizar $ Crédito $ *Aplican términos y 000\nCré\ncondiciones. |  | tacto\nción,\nr $\ndito $', 'EN ESPAÑOL\nSeguridad\nHome / Bikes / Boxer Ct 100 Ks\nEl poder del control\nLlantas de aleación\nGrandes llantas de aleación de 17”,\ncombinadas con una larga distancia entre\nejes para una excelente estabilidad en\ncaminos irregulares.\nConducción sin tensión (Garantía)\nObtén tranquilidad con la garantía de 12\nmeses de Bajaj para 30,000 KMs.\nColores\nBicicleta de alto\nrendimiento que ofrece\npotencia, manejo,\nseguridad,\ncaracterísticas\nsuperiores\nAzul\nCaracterísticas técnicas\nMotor\n\nTablas:\nEN ESPAÑOL\nSeguridad\nHome / Bikes / Boxer Ct 100 Ks\nEl poder del control\nLlantas de aleación\nGrandes llantas de aleación de 17”,\ncombinadas con una larga distancia entre\nejes para una excelente estabilidad en\ncaminos irregulares.\nConducción sin tensión (Garantía)\nObtén tranquilidad con la garantía de 12\nmeses de Bajaj para 30,000 KMs.\nColores\nBicicleta de alto\nrendimiento que ofrece\npotencia, manejo,\nseguridad,\ncaracterísticas\nsuperiores\nAzul\nCaracterísticas técnicas\nMotor']","El rendimiento de combustible de la Bajaj Boxer CT100 KS es de 55 kmpl, lo que significa que puede recorrer aproximadamente 55 kilómetros con un litro de combustible. Esto se traduce en una autonomía de aproximadamente 500 km con el tanque lleno, según se menciona en la documentación.",El manual no lo especifica.,0.6666666666666666,0.09062548075646033,0.0
cual es la relación de transmisión de la moto,"['SA galgo\nMARCA: BAJAJ\nModelo: BOXER CT100 KS\nAño: 2024\nÚ MOTOR\nMOTOR\nMotor: 4 tiempos, Monocilindrico, SOHC\nSISTEMA e .\nC Cilindraje: 102 cc\n& Máxima potencia: 7.59 Hp @ 7500 rpm\nCHASIS\nTorque máximo: 8.24 N.m @ 5500 rpm\n—\ni\nEmbrague: Multi-Disco Bañado en Aceite\nDIMENSIONES\nDiámetro: 47 mm x 58.8 mm\nTransmisión: 4 Velocidades\nAlimentación: Carburador\nArranque: Pedal\nInformación extraída del sitio web oficial de la marca\n\nTablas:', 'EN ESPAÑOL\nSeguridad\nHome / Bikes / Boxer Ct 100 Ks\nEl poder del control\nLlantas de aleación\nGrandes llantas de aleación de 17”,\ncombinadas con una larga distancia entre\nejes para una excelente estabilidad en\ncaminos irregulares.\nConducción sin tensión (Garantía)\nObtén tranquilidad con la garantía de 12\nmeses de Bajaj para 30,000 KMs.\nColores\nBicicleta de alto\nrendimiento que ofrece\npotencia, manejo,\nseguridad,\ncaracterísticas\nsuperiores\nAzul\nCaracterísticas técnicas\nMotor\n\nTablas:\nEN ESPAÑOL\nSeguridad\nHome / Bikes / Boxer Ct 100 Ks\nEl poder del control\nLlantas de aleación\nGrandes llantas de aleación de 17”,\ncombinadas con una larga distancia entre\nejes para una excelente estabilidad en\ncaminos irregulares.\nConducción sin tensión (Garantía)\nObtén tranquilidad con la garantía de 12\nmeses de Bajaj para 30,000 KMs.\nColores\nBicicleta de alto\nrendimiento que ofrece\npotencia, manejo,\nseguridad,\ncaracterísticas\nsuperiores\nAzul\nCaracterísticas técnicas\nMotor', 'CILINDRAJE 102 CC 97.2 CC\nPOTENCIA 7.59 HP 7500 RPM 7.7 HP 7500 RPM\nTORQUE 8.24 NM @5500 RPM 8.2 NM @4500 RPM\nENCENDIDO Pedal Pedal\nCAPACIDAD DEL 10.5 L 10.5 L\nTANQUE\nFRENO DELANTERO Tambor 110 mm Tambor\nSUSPENSION TRASERA Brazo oscilante, Tecnología SNS de 5 Doble amortiguador ajustable e\nposiciones\nUSB Si No\n*La información técnica e imágenes de referencia de las motocicletas fue tomada del\nsitio oficial de cada una de las marcas a la fecha 31/10/2024.\nBoxer CT100 KS\nPRECI\nVER AHORRO\nO Cotizar $\n*Modelo 2026. Precio referencial y\nVIGENTE\n$5.899.\nsujeto a cambios.\nCotizar $ Crédito $ *Aplican términos y 000\nCrédito $\ncondiciones.', '¡BIENVENIDO!\nFELICIDADES por haber elegido una motocicleta “BAJAJ CT - En caso de necesitar cualquier información adicional, por favor\n100 KS”, una de las mejores motocicletas del país presentada acérquese al personal de Bajaj. Si es necesario, también puede\na usted por Bajaj Auto Limited y Grupo UMA S.A.S. escribir a los distribuidores que vendan nuestros productos, para\nobtener información de número de chasis, número de motor,\nAntes de prepararse para conducir su moto, por favor lea esta fecha de compra, distancia requerida en cada servicio, nombre del\nguía del usuario para familiarizarse con el mecanismo y los concesionario de venta y sus números de contacto. Por último, le\nmandos del vehículo. solicitamos llevar su motocicleta con el cuidado y mantenimiento\nperiódico, como se describe en este manual.\nPara mantener su motocicleta en perfecto estado de\nfuncionamiento y para ofrecer un rendimiento consistente, le Estamos seguros que esta le ofrecerá una experiencia placentera', '*Imágenes de referencia.\nTU NUEVA MOTO BAJAJ\nCOTIZATUBOXERCT100KS\nDiligencia el formulario o escríbenos por WhatsApp y nos pondremos en contacto\nlo más pronto posible para brindarte asesoría sobre cotizaciones, financiación,\npuntos de venta y más.\nBoxer CT100 KS\nPRECI\nVER AHORRO\nO Cotizar $\n*Modelo 2026. Precio referencial y\nVIGENTE\n$5.899.\nsujeto a cambios.\nCotizar $ Crédito $ *Aplican términos y 000\nCrédito $\ncondiciones.\n\nTablas:\n |  | \n |  | \n*Imágenes de referencia.\nTU NUEVA MOTO BAJAJ\nCOTIZATUBOXERCT100KS\nDiligencia el formulario o escríbenos por WhatsApp y nos pondremos en con\nlo más pronto posible para brindarte asesoría sobre cotizaciones, financia\npuntos de venta y más.\nBoxer CT100 KS\nPRECI\nVER AHORRO\nO Cotiza\n*Modelo 2026. Precio referencial y\nVIGENTE\n$5.899.\nsujeto a cambios.\nCotizar $ Crédito $ *Aplican términos y 000\nCré\ncondiciones. |  | tacto\nción,\nr $\ndito $']","La Bajaj Boxer CT100 KS cuenta con una transmisión de 4 velocidades. Sin embargo, no se proporciona información específica sobre la relación de transmisión en el contexto dado. Si necesitas obtener esta información, te recomiendo consultar el manual del propietario o contactar con un concesionario autorizado de Bajaj para obtener detalles precisos sobre las características técnicas de tu motocicleta.",No se especifica en el manual,0.6666666666666666,0.0,0.0
cual es el cilindraje de la moto,"['CILINDRAJE 102 CC 97.2 CC\nPOTENCIA 7.59 HP 7500 RPM 7.7 HP 7500 RPM\nTORQUE 8.24 NM @5500 RPM 8.2 NM @4500 RPM\nENCENDIDO Pedal Pedal\nCAPACIDAD DEL 10.5 L 10.5 L\nTANQUE\nFRENO DELANTERO Tambor 110 mm Tambor\nSUSPENSION TRASERA Brazo oscilante, Tecnología SNS de 5 Doble amortiguador ajustable e\nposiciones\nUSB Si No\n*La información técnica e imágenes de referencia de las motocicletas fue tomada del\nsitio oficial de cada una de las marcas a la fecha 31/10/2024.\nBoxer CT100 KS\nPRECI\nVER AHORRO\nO Cotizar $\n*Modelo 2026. Precio referencial y\nVIGENTE\n$5.899.\nsujeto a cambios.\nCotizar $ Crédito $ *Aplican términos y 000\nCrédito $\ncondiciones.', 'SA galgo\nMARCA: BAJAJ\nModelo: BOXER CT100 KS\nAño: 2024\nÚ MOTOR\nMOTOR\nMotor: 4 tiempos, Monocilindrico, SOHC\nSISTEMA e .\nC Cilindraje: 102 cc\n& Máxima potencia: 7.59 Hp @ 7500 rpm\nCHASIS\nTorque máximo: 8.24 N.m @ 5500 rpm\n—\ni\nEmbrague: Multi-Disco Bañado en Aceite\nDIMENSIONES\nDiámetro: 47 mm x 58.8 mm\nTransmisión: 4 Velocidades\nAlimentación: Carburador\nArranque: Pedal\nInformación extraída del sitio web oficial de la marca\n\nTablas:', '102 CC\nCilindraje\n7.59 HP\nPotencia máxima a 7500 RPM\n8.24 NM\nTorque máximo a 5500 RPM\n109 KG\nPeso en seco\nBoxer CT100 KS\nPRECI\nVER AHORRO\nO Cotizar $\n*Modelo 2026. Precio referencial y\nVIGENTE\n$5.899.\nsujeto a cambios.\nCotizar $ Crédito $ *Aplican términos y 000\nCrédito $\ncondiciones.\n\nTablas:\n102 CC\nCilindraje\n7.59 HP\nPotencia máxima a 7500 RPM\n8.24 NM\nTorque máximo a 5500 RPM\n109 KG\nPeso en seco\nBoxer CT100 KS\nPRECI\nVER AHORRO\nO Cotizar $\n*Modelo 2026. Precio referencial y\nVIGENTE\n$5.899.\nsujeto a cambios.\nCotizar $ Crédito $ *Aplican términos y 000\nCrédito $\ncondiciones.', '*Imágenes de referencia.\nTU NUEVA MOTO BAJAJ\nCOTIZATUBOXERCT100KS\nDiligencia el formulario o escríbenos por WhatsApp y nos pondremos en contacto\nlo más pronto posible para brindarte asesoría sobre cotizaciones, financiación,\npuntos de venta y más.\nBoxer CT100 KS\nPRECI\nVER AHORRO\nO Cotizar $\n*Modelo 2026. Precio referencial y\nVIGENTE\n$5.899.\nsujeto a cambios.\nCotizar $ Crédito $ *Aplican términos y 000\nCrédito $\ncondiciones.\n\nTablas:\n |  | \n |  | \n*Imágenes de referencia.\nTU NUEVA MOTO BAJAJ\nCOTIZATUBOXERCT100KS\nDiligencia el formulario o escríbenos por WhatsApp y nos pondremos en con\nlo más pronto posible para brindarte asesoría sobre cotizaciones, financia\npuntos de venta y más.\nBoxer CT100 KS\nPRECI\nVER AHORRO\nO Cotiza\n*Modelo 2026. Precio referencial y\nVIGENTE\n$5.899.\nsujeto a cambios.\nCotizar $ Crédito $ *Aplican términos y 000\nCré\ncondiciones. |  | tacto\nción,\nr $\ndito $', 'BOXER CT100 KS\nLAPROPIAPA’AHORRAR\nCon la Boxer CT100 KS descubre la combinación perfecta de economía,\nconfiabilidad y estilo.\nSELECCIONA EL COLOR:\n¡Dale un giro a tu próxima moto Bajaj!\nBoxer CT100 KS\nPRECI\nVER AHORRO\nO Cotizar $\n*Modelo 2026. Precio referencial y\nVIGENTE\n$5.899.\nsujeto a cambios.\nCotizar $ Crédito $ *Aplican términos y 000\nCrédito $\ncondiciones.\n\nTablas:\nBOXER CT100 KS\nLAPROPIAPA’AHORRAR\nCon la Boxer CT100 KS descubre la combinación perfecta de economía,\nconfiabilidad y estilo.\nSELECCIONA EL COLOR:\n¡Dale un giro a tu próxima moto Bajaj!\nBoxer CT100 KS\nPRECI\nVER AHORRO\nO Cotizar $\n*Modelo 2026. Precio referencial y\nVIGENTE\n$5.899.\nsujeto a cambios.\nCotizar $ Crédito $ *Aplican términos y 000\nCrédito $\ncondiciones.']","El cilindraje de la Bajaj Boxer CT100 KS es de 102 cc. Este valor se menciona en la documentación técnica proporcionada y se repite en varias secciones, incluyendo las tablas de especificaciones.",el cilindraje de la moto es de 102 cc.,1.0,0.24935731012084225,0.9999999999666667
cual es la viscosidad del aceite de la moto,"['Este manual de Usuario y Garantía es parte fundamental de la motocicleta,\nrecomendamos mantenerlo siempre con la motocicleta.\nEspecificaciones del Aceite Recomendado\nIMPORTANTE\nAntes de encender el motor verifique Viscosidad SAE 20 W 50 / 10 W 30\nsi el nivel de aceite 4T es el adecuado.\nServicio API SL\nVer sección: ACEITE MOTOR\nJASO MA\nEste manual de Usuario y Garantía incluye la información más reciente del producto disponible antes de la impresión. BAJAJ se reserva\nel derecho a realizar cambios en cualquier momento sin previo aviso y sin incurrir en ningún tipo de obligación.\nNinguna parte de este manual de usuario y Garantía puede reproducirse sin el permiso previo por escrito. Puede que las imágenes de la\nmotocicleta BAJAJ CT - 100 KS incluidas en este manual no coincidan con su propio vehículo.\n\nTablas:', 'Este manual de Usuario y Garantía es parte fundamental de la motocicleta,\nrecomendamos mantenerlo siempre con la motocicleta.\nEspecificaciones del Aceite Recomendado\nIMPORTANTE\nViscosidad SAE 20 W 50/10 W 30\nsi el nivel de aceite 4T es el adecuado.\nServicio API SL\nVer sección: ACEITE MOTOR\nJASO MA\nEste manual de Usuario y Garantía incluye la información más reciente del producto disponible antes de la impresión. BAJAJ se reserva\nel derecho a realizar cambios en cualquier momento sin previo aviso y sin incurrir en ningún tipo de obligación.\nNinguna parte de este manual de usuario y Garantía puede reproducirse sin el permiso previo por escrito. Puede que las imágenes de la\nmotocicleta BAJAJ CT - 100 ES incluidas en este manual no coincidan con su propio vehículo.\n\nTablas:', 'EN ESPAÑOL\nHome / Bikes / Boxer Ct 100 Ks\nBOXER CT 100 KS\nKNOW MORE\nFunciones\nRendimiento\nPotencia líder en su clase\nMotor de 4 tiempos refrigerado por aire\nnatural\nConduzca con la promesa de la mejor\neficiencia de combustible de su clase de\n55 kmpl*, es decir, aproximadamente\nmás de 500 km con el tanque lleno.\nFiabilidad garantizada\nFiabilidad día tras día, con el músculo\npara conquistar los desafíos y el\nrendimiento para traspasar las fronteras.\n\nTablas:\nBOXER CT 100 KS\nKNOW MORE\nFunciones\nRendimiento\nPotencia líder en su clase\nMotor de 4 tiempos refrigerado por aire\nnatural\nConduzca con la promesa de la mejor\neficiencia de combustible de su clase de\n55 kmpl*, es decir, aproximadamente\nmás de 500 km con el tanque lleno.\nFiabilidad garantizada\nFiabilidad día tras día, con el músculo\npara conquistar los desafíos y el\nrendimiento para traspasar las fronteras.', 'CILINDRAJE 102 CC 97.2 CC\nPOTENCIA 7.59 HP 7500 RPM 7.7 HP 7500 RPM\nTORQUE 8.24 NM @5500 RPM 8.2 NM @4500 RPM\nENCENDIDO Pedal Pedal\nCAPACIDAD DEL 10.5 L 10.5 L\nTANQUE\nFRENO DELANTERO Tambor 110 mm Tambor\nSUSPENSION TRASERA Brazo oscilante, Tecnología SNS de 5 Doble amortiguador ajustable e\nposiciones\nUSB Si No\n*La información técnica e imágenes de referencia de las motocicletas fue tomada del\nsitio oficial de cada una de las marcas a la fecha 31/10/2024.\nBoxer CT100 KS\nPRECI\nVER AHORRO\nO Cotizar $\n*Modelo 2026. Precio referencial y\nVIGENTE\n$5.899.\nsujeto a cambios.\nCotizar $ Crédito $ *Aplican términos y 000\nCrédito $\ncondiciones.', '102 CC\nCilindraje\n7.59 HP\nPotencia máxima a 7500 RPM\n8.24 NM\nTorque máximo a 5500 RPM\n109 KG\nPeso en seco\nBoxer CT100 KS\nPRECI\nVER AHORRO\nO Cotizar $\n*Modelo 2026. Precio referencial y\nVIGENTE\n$5.899.\nsujeto a cambios.\nCotizar $ Crédito $ *Aplican términos y 000\nCrédito $\ncondiciones.\n\nTablas:\n102 CC\nCilindraje\n7.59 HP\nPotencia máxima a 7500 RPM\n8.24 NM\nTorque máximo a 5500 RPM\n109 KG\nPeso en seco\nBoxer CT100 KS\nPRECI\nVER AHORRO\nO Cotizar $\n*Modelo 2026. Precio referencial y\nVIGENTE\n$5.899.\nsujeto a cambios.\nCotizar $ Crédito $ *Aplican términos y 000\nCrédito $\ncondiciones.']","La viscosidad recomendada del aceite de motor para la Bajaj Boxer CT100 KS es SAE 20 W 50 / 10 W 30, con especificaciones API SL y JASO MA. Es importante utilizar aceite de motor 4T para asegurar el correcto funcionamiento y durabilidad del motor.","SAE 20W-50 o 10W-30, API SL, JASO MA.",0.6666666666666666,0.44592498746853865,0.99999999995
que tipo de llantas usa la moto,"['EN ESPAÑOL\nSeguridad\nHome / Bikes / Boxer Ct 100 Ks\nEl poder del control\nLlantas de aleación\nGrandes llantas de aleación de 17”,\ncombinadas con una larga distancia entre\nejes para una excelente estabilidad en\ncaminos irregulares.\nConducción sin tensión (Garantía)\nObtén tranquilidad con la garantía de 12\nmeses de Bajaj para 30,000 KMs.\nColores\nBicicleta de alto\nrendimiento que ofrece\npotencia, manejo,\nseguridad,\ncaracterísticas\nsuperiores\nAzul\nCaracterísticas técnicas\nMotor\n\nTablas:\nEN ESPAÑOL\nSeguridad\nHome / Bikes / Boxer Ct 100 Ks\nEl poder del control\nLlantas de aleación\nGrandes llantas de aleación de 17”,\ncombinadas con una larga distancia entre\nejes para una excelente estabilidad en\ncaminos irregulares.\nConducción sin tensión (Garantía)\nObtén tranquilidad con la garantía de 12\nmeses de Bajaj para 30,000 KMs.\nColores\nBicicleta de alto\nrendimiento que ofrece\npotencia, manejo,\nseguridad,\ncaracterísticas\nsuperiores\nAzul\nCaracterísticas técnicas\nMotor', 'SA galgo\nMARCA: BAJAJ\nModelo: BOXER CT100 KS\nAño: 2024\nÚ MOTOR\nMOTOR\nMotor: 4 tiempos, Monocilindrico, SOHC\nSISTEMA e .\nC Cilindraje: 102 cc\n& Máxima potencia: 7.59 Hp @ 7500 rpm\nCHASIS\nTorque máximo: 8.24 N.m @ 5500 rpm\n—\ni\nEmbrague: Multi-Disco Bañado en Aceite\nDIMENSIONES\nDiámetro: 47 mm x 58.8 mm\nTransmisión: 4 Velocidades\nAlimentación: Carburador\nArranque: Pedal\nInformación extraída del sitio web oficial de la marca\n\nTablas:', '*Imágenes de referencia.\nTU NUEVA MOTO BAJAJ\nCOTIZATUBOXERCT100KS\nDiligencia el formulario o escríbenos por WhatsApp y nos pondremos en contacto\nlo más pronto posible para brindarte asesoría sobre cotizaciones, financiación,\npuntos de venta y más.\nBoxer CT100 KS\nPRECI\nVER AHORRO\nO Cotizar $\n*Modelo 2026. Precio referencial y\nVIGENTE\n$5.899.\nsujeto a cambios.\nCotizar $ Crédito $ *Aplican términos y 000\nCrédito $\ncondiciones.\n\nTablas:\n |  | \n |  | \n*Imágenes de referencia.\nTU NUEVA MOTO BAJAJ\nCOTIZATUBOXERCT100KS\nDiligencia el formulario o escríbenos por WhatsApp y nos pondremos en con\nlo más pronto posible para brindarte asesoría sobre cotizaciones, financia\npuntos de venta y más.\nBoxer CT100 KS\nPRECI\nVER AHORRO\nO Cotiza\n*Modelo 2026. Precio referencial y\nVIGENTE\n$5.899.\nsujeto a cambios.\nCotizar $ Crédito $ *Aplican términos y 000\nCré\ncondiciones. |  | tacto\nción,\nr $\ndito $', 'CILINDRAJE 102 CC 97.2 CC\nPOTENCIA 7.59 HP 7500 RPM 7.7 HP 7500 RPM\nTORQUE 8.24 NM @5500 RPM 8.2 NM @4500 RPM\nENCENDIDO Pedal Pedal\nCAPACIDAD DEL 10.5 L 10.5 L\nTANQUE\nFRENO DELANTERO Tambor 110 mm Tambor\nSUSPENSION TRASERA Brazo oscilante, Tecnología SNS de 5 Doble amortiguador ajustable e\nposiciones\nUSB Si No\n*La información técnica e imágenes de referencia de las motocicletas fue tomada del\nsitio oficial de cada una de las marcas a la fecha 31/10/2024.\nBoxer CT100 KS\nPRECI\nVER AHORRO\nO Cotizar $\n*Modelo 2026. Precio referencial y\nVIGENTE\n$5.899.\nsujeto a cambios.\nCotizar $ Crédito $ *Aplican términos y 000\nCrédito $\ncondiciones.', 'ADVERTENCIA Indica un peligro potencial o lesiones GRAVES a usted u otras personas y hacia el vehículo\nsi no se siguen las instrucciones.\nPRECAUCIÓN Indica un peligro potencial que podría resultar en daños SERIOS al vehículo o en HERIDAS\na usted. Siga los consejos con la debida precaución.\nPara garantizar su seguridad:\n•Lea con detenimiento este manual del propietario.\n•Siga todas las recomendaciones y procedimientos incluidos en este manual.\n•Preste especial atención a los mensajes de seguridad incluidos en el manual y en la motocicleta.\nIMPORTANTE Su seguridad y la de otras personas es muy importante. Es una responsabilidad importante\nconducir su motocicleta BAJAJ BOXER CT 100-KS de forma segura. Para ayudarle a tomar\ndecisiones bien fundadas en relación con la seguridad, hemos incluido Información de\nSeguridad, procedimientos de funcionamiento y tips de Conducción segura en este manual\nde Usuario y Garantía. Esta información le advierte sobre posibles peligros que podrían']","La Bajaj Boxer CT100 KS utiliza llantas de aleación de 17”. Estas llantas están diseñadas para proporcionar una excelente estabilidad en caminos irregulares, gracias a su tamaño y a la larga distancia entre ejes de la motocicleta.","Delantera: 2.75-17, 41P (tubetype). Trasera: 3.00-17, 50P (tubetype).",1.0,0.2519769736830977,0.0
cada cuanto debo revisar las bujías,"['VALIDEZ DE LA GARANTÍA Y CONDICIONES\nEl Grupo UMA S.A.S. distribuidor autorizado de la marca BAJAJ en Colombia a través de su red de distribución le\notorga una garantía que cubre todo defecto de fabricación o ensamble por un período de 12 meses o 20.000\nkm, lo primero que se cumpla, siempre y cuando el usuario haya cumplido con los siguientes requisitos:\nPARA QUE LA 1. Haber efectuado las revisiones preventivas y mantenimientos previos a la\nGARANTÍA SEA ocurrencia del daño en un Centro de Servicio UMA.\nVÁLIDA SE DEBE 2. Haber utilizado partes y piezas originales BAJAJ en los mantenimientos previos.\nCUMPLIR CON 3. Para las reclamaciones de motor, haber cumplido con los cambios de aceite en\nLAS SIGUIENTES los periodos estipulados. Tenga en cuenta que en algunas zonas del país las altas\nCONDICIONES: temperaturas del medioambiente pudieran afectar el nivel de aceite de su motor,\npor lo que recomendamos revisar constantemente o cambiar el aceite entre los', 'VALIDEZ DE LA GARANTÍA Y CONDICIONES\nEl Grupo UMA S.A.S. distribuidor autorizado de la marca BAJAJ en Colombia a través de su red de distribución le\notorga una garantía que cubre todo defecto de fabricación o ensamble por un período de 12 meses o 20.000\nkm, lo primero que se cumpla, siempre y cuando el usuario haya cumplido con los siguientes requisitos:\nPARA QUE LA 1. Haber efectuado las revisiones preventivas y mantenimientos previos a la\nGARANTÍA SEA ocurrencia del daño en un Centro de Servicio UMA.\nVÁLIDA SE DEBE 2. Haber utilizado partes y piezas originales BAJAJ en los mantenimientos previos.\nCUMPLIR CON 3. Para las reclamaciones de motor, haber cumplido con los cambios de aceite en\nLAS SIGUIENTES los periodos estipulados. Tenga en cuenta que en algunas zonas del país las altas\nCONDICIONES: temperaturas del medioambiente pudieran afectar el nivel de aceite de su motor,\npor lo que recomendamos revisar constantemente o cambiar el aceite entre los', 'PREGUNTAS FRECUENTES\nAviso:\nEl procedimiento detallado de cada revisión periódica se especifica Una vez terminado el período de Garantía ¿puedo\nen el capítulo de Programa de Mantenimiento del manual del seguir asistiendo a los Centros de Servicio UMA?\npropietario, consulte al inicio del manual. Una vez finalice su garantía le recomendamos que siga llevando\nsu motocicleta a mantenimiento cada 5.000 km; cerciorándose\n¿El derecho a la garantía que tengo como usuario BAJAJ, es siempre que el aceite de su vehículo se encuentre en su nivel\ncubierto por el Centro de Servicio UMA o agencia donde compré ideal, de lo contrario deberá solicitar atención en el Centro de\nmi motocicleta, o puedo acudir a cualquier Centro de Servicio Servicio UMA de su confianza. Tenga en cuenta que mantener\nAutorizado en Colombia? su motocicleta con el Aceite Genuino BAJAJ (BGO por su sigla en\nComo usuario de Motocicleta BAJAJ puede acudir a cualquier inglés) y a un nivel adecuado es fundamental para conservar la', 'después de 5.000 ó 6.000 km de uso. motor frecuentemente, usar solamente Aceite Genuino BAJAJ.\n. 46 .', 'después de 5.000 ó 6.000 km de uso. motor frecuentemente, usar solamente Aceite Genuino BAJAJ.\n. 46 .']","Para la Bajaj Boxer CT100 KS, no se especifica en el contexto proporcionado una revisión periódica específica para las bujías. Sin embargo, se menciona que es importante seguir el Programa de Mantenimiento del manual del propietario para las revisiones periódicas. Te recomiendo consultar el capítulo de Programa de Mantenimiento en el manual del propietario para obtener información detallada sobre la revisión y mantenimiento de las bujías en tu motocicleta.",Cada 5.000 km o antes si es necesario.,0.75,0.05887316114627655,0.99999999998
cuanto peso de la moto,"['Ver más contenido…\n*Las imágenes y videos mostrados en este sitio son de referencia. Determinadas\ncaracterísticas de las motocicletas pueden variar con respecto al modelo y versión\npresentada.\nBoxer CT100 KS\nPRECI\nVER AHORRO\nO Cotizar $\n*Modelo 2026. Precio referencial y\nVIGENTE\n$5.899.\nsujeto a cambios.\nCotizar $ Crédito $ *Aplican términos y 000\nCrédito $\ncondiciones.\n\nTablas:\nVer más contenido…\n*Las imágenes y videos mostrados en este sitio son de referencia. Determinadas\ncaracterísticas de las motocicletas pueden variar con respecto al modelo y versión\npresentada.\nBoxer CT100 KS\nPRECI\nVER AHORRO\nO Cotizar $\n*Modelo 2026. Precio referencial y\nVIGENTE', '¡Déjanos tus datos!\nNombre *\nNombres Apellidos\nNúmero de Cédula * Celular *\n0000000000\nEmail *\n¿Qué moto tienes?\nEscoge tu ubicación actual *\nDepartamento\nCiudad\nHe leído y he aceptado la Autorización para el Tratamiento de Datos\nPersonales. *\nPara conocer nuestro aviso de privacidad da clic en el siguiente link Aviso de\nPrivacidad Grupo UMA\nEnviar\nBoxer CT100 KS\nPRECI\nVER AHORRO\nO Cotizar $\n*Modelo 2026. Precio referencial y\nVIGENTE\n$5.899.\nsujeto a cambios.\nCotizar $ Crédito $ *Aplican términos y 000\nCrédito $\ncondiciones.', 'COMO CONDUCIR\nTU MOTOCICLETA\n\nTablas:', 'COMO CONDUCIR\nTU MOTOCICLETA\n\nTablas:', 'Aceite de Motor\n• p. 56\n• ¿Cómo Conducir tu Motocicleta? p. 24\n• p. 57\n• P. 26\n• p. 58\n• p. 30\n• p. 58\n• Almacenamiento de la Motocicleta ............................................ p. 34']","Lo siento, pero no tengo información sobre el peso de la Bajaj Boxer CT100 KS en el contexto proporcionado. Si necesitas saber el peso de esta motocicleta, te recomiendo consultar el manual del propietario o contactar directamente con el fabricante o un concesionario autorizado para obtener la información precisa. Estoy aquí para ayudarte con cualquier otra pregunta que tengas sobre la Bajaj Boxer CT100 KS. ¿Hay algo más en lo que pueda asistirte?",la moto pesa 109 kg,0.25,0.0,0.0
como revisar el nivel de aceite,"['ACEITE DE MOTOR\nVerificación diaria del nivel de aceite\nMantenga siempre el nivel de aceite entre los niveles bajo y alto,\ncuando el nivel de aceite esté llegando al nivel bajo (D), indicado\nen la imagen, debe proceder a completar hasta el nivel máximo (C)\ncon aceite recomendado, sin sobrepasar el nivel máximo. A\n1.\n2. Extraiga el tapón medidor de aceite y límpielo. B\nC\n3. Inserte tapón medidor hasta el punto R sin roscar. D\n4.\naceite esté entre las marcas C Y D.\n5. Adicione aceite de ser necesario.\nA. Tapón de aceite\nNo realizar esta operación puede conllevar a\nB. Visor medidor de nivel de aceite\ndaños en componentes internos del motor.\nC. Nivel superior\nRealice el cambio de aceite cada 5.000 km.\nD. Nivel inferior\nPara medir el nivel de aceite, ubique el vehículo en una\nprocedimiento, tenga en cuenta que el motor debe estar frío.\n. 47 .\n\nTablas:', 'ACEITE DE MOTOR\nVerificación diaria del nivel de aceite\nMantenga siempre el nivel de aceite entre los niveles bajo y alto,\ncuando el nivel de aceite esté llegando al nivel bajo (D), indicado\nen la imagen, debe proceder a completar hasta el nivel máximo (C)\ncon aceite recomendado, sin sobrepasar el nivel máximo. A\n1. Estacione la motocicleta en una superficie plana\nB\n2. Extraiga el tapón medidor de aceite y límpielo.\nC\n3. Inserte tapón medidor hasta el punto R sin roscar. D\n4. Retire de nuevo el tapón y verifique que el nivel de\naceite esté entre las marcas C Y D.\n5. Adicione aceite de ser necesario.\nA. Tapón de aceite\nNo realizar esta operación puede conllevar a\nB. Visor medidor de nivel de aceite\ndaños en componentes internos del motor.\nC. Nivel superior\nRealice el cambio de aceite cada 5.000 km.\nD. Nivel inferior\nPara medir el nivel de aceite, ubique el vehículo en una\nsuperficie plana apoyada sobre un soporte vertical, para este', 'Cadena - Aceite de Motor\nIMPORTANTE\nAntes de encender el motor verifique si el nivel de\naceite 4T es el adecuado. Ver sección: ACEITE MOTOR\nACEITE DEL MOTOR: Revisar cada semana\n• Mantenga el nivel de aceite entre\nla marca superior y la marca inferior\nde la mirilla.\n• Cambie el aceite como lo indica la\ntabla de mantenimiento periódico.\nCadena: Inspección nivel de aceite :\nEl ajuste de la cadena debe ser realizado siempre que sea 1. Coloque la moto sobre una superficie\nrequerido (realice constantemente la inspección de esta). nivelada en el estante central.\nC\nLa holgura de la cadena debe estar entre 20 - 30 mm. D 2. Compruebe el nivel de aceite (con el motor apagado)\nLas marcas de los ajustadores de la cadena deben estar en la mirilla como se muestra en la fotografía.\nen la misma posición a ambos lados. 3. Siempre mantenga el nivel de aceite entre\nla marca superior (C) y la marca inferior (D).\nNOTA: El no realizar este proceso o mantener la', 'Cadena - Aceite de Motor\nIMPORTANTE\nAntes de encender el moto\naceite 4T es el adecuado. Ver sección: ACEITE MOTOR\nACEITE DEL MOTOR: Revisar cada semana\n• Mantenga el nivel de aceite entre\nla marca superior y la marca inferior\nde la mirilla.\n• Cambie el aceite como lo indica la\ntabla de mantenimiento periódico.\nCadena: Inspección nivel de aceite :\nEl ajuste de la cadena debe ser realizado siempre que sea 1.\nrequerido (realice constantemente la inspección de esta). nivelada en el estante central.\nC\nLa holgura de la cadena debe estar entre 20 - 30 mm. D 2. Compruebe el nivel de aceite (con el motor apagado)\nLas marcas de los ajustadores de la cadena deben estar en la mirilla como se muestra en la fotografía.\nen la misma posición a ambos lados. 3. Siempre mantenga el nivel de aceite entre\nla marca superior (C) y la marca inferior (D).\nNOTA: El no realizar este proceso o mantener la\nholgura de la cadena fuera de estos límites generará Es muy importante seguir la frecuencia recomendada', 'Este manual de Usuario y Garantía es parte fundamental de la motocicleta,\nrecomendamos mantenerlo siempre con la motocicleta.\nEspecificaciones del Aceite Recomendado\nIMPORTANTE\nAntes de encender el motor verifique Viscosidad SAE 20 W 50 / 10 W 30\nsi el nivel de aceite 4T es el adecuado.\nServicio API SL\nVer sección: ACEITE MOTOR\nJASO MA\nEste manual de Usuario y Garantía incluye la información más reciente del producto disponible antes de la impresión. BAJAJ se reserva\nel derecho a realizar cambios en cualquier momento sin previo aviso y sin incurrir en ningún tipo de obligación.\nNinguna parte de este manual de usuario y Garantía puede reproducirse sin el permiso previo por escrito. Puede que las imágenes de la\nmotocicleta BAJAJ CT - 100 KS incluidas en este manual no coincidan con su propio vehículo.\n\nTablas:']","Para revisar el nivel de aceite en tu Bajaj Boxer CT100 KS, sigue estos pasos:

1. Estaciona la motocicleta en una superficie plana.
2. Extraiga el tapón medidor de aceite y límpielo.
3. Inserte el tapón medidor hasta el punto sin roscar.
4. Retire de nuevo el tapón y verifique que el nivel de aceite esté entre las marcas C (Nivel superior) y D (Nivel inferior).

Recuerda que es importante mantener el nivel de aceite entre estas marcas y cambiar el aceite cada 5.000 km. También es recomendable verificar el nivel de aceite con el motor apagado y en una superficie plana. La viscosidad del aceite recomendado es SAE 20 W 50 / 10 W 30, con servicio API SL y JASO MA.","Colocar la moto en una superficie plana con el motor frío, extraer el tapon medidor de aceite y limpiarlo, insertar el tapon medidor hata el punto R sin roscar, retirar de nuevo el tapon y verificar que el niver de aceite este entre las marcas C y D, adicione aceite de ser necesario.",0.5,0.17955387100241546,0.99999999998
como cambiar un fusible,"['COMO CONDUCIR\nTU MOTOCICLETA\n\nTablas:', 'COMO CONDUCIR\nTU MOTOCICLETA\n\nTablas:', 'Tablas:\nTipo | Descripción | Meses | Kilometraje | Nota | Requisito\n | Bujía | 1 | 750 | 1, 2, 3 | \n | Fusibles / Bombillos | 1 | 750 | 1, 3 | \n | Estator, Regulador, Bobinas | 3 | 5.000 | 1, 3 | \n | Relés, Supresor Ruido, Mandos | 3 | 5.000 | 1, 3 | \n | Arnes / Bocina / Puerto USB | 3 | 5.000 | 1, 3 | \n | LCD Velocímetro | 12 | 20.000 | 1, 2, 3 | \n | Escobillas Motor arranque | 3 | 5.000 | 1, 3 | \n | Farola / Stop Led | 3 | 5.000 | 1, 3 | \n | Batería | 6 | 6.000 | 1, 3 | \n | CDI / ECU | 6 | 10.000 | 1, 3 | \n | Sensores / Actuadores / Bomba Combustible | 6 | 10.000 | 1, 3 | \n | Modulador ABS | 6 | 10.000 | 1, 3 | \n | Empaque Tapa Válvulas | 3 | 5.000 | 1 | \n | Empaques Cilindro / Culata | 3 | 5.000 | 1 | \n | Culata, Árbol de Levas | 12 | 20.000 | 1 | \n | Caja de Cambios | 12 | 20.000 | 1 | \n | Cilindro, Pistón, Cigueñal | 12 | 20.000 | 1 | \n | Rodamientos del Motor | 12 | 20.000 | 1 | \n | Filtro Combustible | 1 | 500 | 1 | \n | Filtro Aire | 1 | 500 | 1, 2 |', 'Tablas:\nTipo | Descripción | Meses | Kilometraje | Nota | Requisito\n | Bujía | 1 | 750 | 1, 2, 3 | \n | Fusibles / Bombillos | 1 | 750 | 1, 3 | \n | Estator, Regulador, Bobinas | 3 | 5.000 | 1, 3 | \n | Relés, Supresor Ruido, Mandos | 3 | 5.000 | 1, 3 | \n | Arnes / Bocina / Puerto USB | 3 | 5.000 | 1, 3 | \n | LCD Velocímetro | 12 | 20.000 | 1, 2, 3 | \n | Escobillas Motor arranque | 3 | 5.000 | 1, 3 | \n | Farola / Stop Led | 3 | 5.000 | 1, 3 | \n | Batería | 6 | 6.000 | 1, 3 | \n | CDI / ECU | 6 | 10.000 | 1, 3 | \n | Sensores / Actuadores / Bomba Combustible | 6 | 10.000 | 1, 3 | \n | Modulador ABS | 6 | 10.000 | 1, 3 | \n | Empaque Tapa Válvulas | 3 | 5.000 | 1 | \n | Empaques Cilindro / Culata | 3 | 5.000 | 1 | \n | Culata, Árbol de Levas | 12 | 20.000 | 1 | \n | Caja de Cambios | 12 | 20.000 | 1 | \n | Cilindro, Pistón, Cigueñal | 12 | 20.000 | 1 | \n | Rodamientos del Motor | 12 | 20.000 | 1 | \n | Filtro Combustible | 1 | 500 | 1 | \n | Filtro Aire | 1 | 500 | 1, 2 |', 'superficie plana apoyada sobre un soporte vertical, para este\nprocedimiento, tenga en cuenta que el motor debe estar frío.\n. 47 .']","Para cambiar un fusible en tu Bajaj Boxer CT100 KS, es importante seguir los pasos adecuados. Según la información proporcionada, los fusibles deben ser revisados cada 1 mes o 750 km. 

1. Localiza el compartimiento de los fusibles, que generalmente se encuentra en un lugar accesible de la motocicleta.
2. Identifica el fusible que deseas cambiar y retíralo con cuidado.
3. Reemplaza el fusible viejo con uno nuevo que tenga las mismas especificaciones.
4. Vuelve a colocar el fusible en su compartimiento y asegúrate de que esté bien sujeto.

Es importante mencionar que no tengo información específica sobre el tipo de fusible utilizado en la Bajaj Boxer CT100 KS en el contexto proporcionado. Sin embargo, es crucial utilizar un fusible con las mismas características y amperaje para evitar daños al sistema eléctrico de la motocicleta. Si necesitas más detalles o especificaciones técnicas, te recomiendo consultar el manual del propietario o contactar a un profesional.",El manual no describe el procedimiento para cambio de fusibles.,0.25,0.1605307609699965,0.0
que herramientas trae la moto,"['CILINDRAJE 102 CC 97.2 CC\nPOTENCIA 7.59 HP 7500 RPM 7.7 HP 7500 RPM\nTORQUE 8.24 NM @5500 RPM 8.2 NM @4500 RPM\nENCENDIDO Pedal Pedal\nCAPACIDAD DEL 10.5 L 10.5 L\nTANQUE\nFRENO DELANTERO Tambor 110 mm Tambor\nSUSPENSION TRASERA Brazo oscilante, Tecnología SNS de 5 Doble amortiguador ajustable e\nposiciones\nUSB Si No\n*La información técnica e imágenes de referencia de las motocicletas fue tomada del\nsitio oficial de cada una de las marcas a la fecha 31/10/2024.\nBoxer CT100 KS\nPRECI\nVER AHORRO\nO Cotizar $\n*Modelo 2026. Precio referencial y\nVIGENTE\n$5.899.\nsujeto a cambios.\nCotizar $ Crédito $ *Aplican términos y 000\nCrédito $\ncondiciones.', '*Imágenes de referencia.\nTU NUEVA MOTO BAJAJ\nCOTIZATUBOXERCT100KS\nDiligencia el formulario o escríbenos por WhatsApp y nos pondremos en contacto\nlo más pronto posible para brindarte asesoría sobre cotizaciones, financiación,\npuntos de venta y más.\nBoxer CT100 KS\nPRECI\nVER AHORRO\nO Cotizar $\n*Modelo 2026. Precio referencial y\nVIGENTE\n$5.899.\nsujeto a cambios.\nCotizar $ Crédito $ *Aplican términos y 000\nCrédito $\ncondiciones.\n\nTablas:\n |  | \n |  | \n*Imágenes de referencia.\nTU NUEVA MOTO BAJAJ\nCOTIZATUBOXERCT100KS\nDiligencia el formulario o escríbenos por WhatsApp y nos pondremos en con\nlo más pronto posible para brindarte asesoría sobre cotizaciones, financia\npuntos de venta y más.\nBoxer CT100 KS\nPRECI\nVER AHORRO\nO Cotiza\n*Modelo 2026. Precio referencial y\nVIGENTE\n$5.899.\nsujeto a cambios.\nCotizar $ Crédito $ *Aplican términos y 000\nCré\ncondiciones. |  | tacto\nción,\nr $\ndito $', 'SA galgo\nMARCA: BAJAJ\nModelo: BOXER CT100 KS\nAño: 2024\nÚ MOTOR\nMOTOR\nMotor: 4 tiempos, Monocilindrico, SOHC\nSISTEMA e .\nC Cilindraje: 102 cc\n& Máxima potencia: 7.59 Hp @ 7500 rpm\nCHASIS\nTorque máximo: 8.24 N.m @ 5500 rpm\n—\ni\nEmbrague: Multi-Disco Bañado en Aceite\nDIMENSIONES\nDiámetro: 47 mm x 58.8 mm\nTransmisión: 4 Velocidades\nAlimentación: Carburador\nArranque: Pedal\nInformación extraída del sitio web oficial de la marca\n\nTablas:', 'BOXER CT100 KS\nLAPROPIAPA’AHORRAR\nCon la Boxer CT100 KS descubre la combinación perfecta de economía,\nconfiabilidad y estilo.\nSELECCIONA EL COLOR:\n¡Dale un giro a tu próxima moto Bajaj!\nBoxer CT100 KS\nPRECI\nVER AHORRO\nO Cotizar $\n*Modelo 2026. Precio referencial y\nVIGENTE\n$5.899.\nsujeto a cambios.\nCotizar $ Crédito $ *Aplican términos y 000\nCrédito $\ncondiciones.\n\nTablas:\nBOXER CT100 KS\nLAPROPIAPA’AHORRAR\nCon la Boxer CT100 KS descubre la combinación perfecta de economía,\nconfiabilidad y estilo.\nSELECCIONA EL COLOR:\n¡Dale un giro a tu próxima moto Bajaj!\nBoxer CT100 KS\nPRECI\nVER AHORRO\nO Cotizar $\n*Modelo 2026. Precio referencial y\nVIGENTE\n$5.899.\nsujeto a cambios.\nCotizar $ Crédito $ *Aplican términos y 000\nCrédito $\ncondiciones.', 'ADVERTENCIA Indica un peligro potencial o lesiones GRAVES a usted u otras personas y hacia el vehículo\nsi no se siguen las instrucciones.\nPRECAUCIÓN Indica un peligro potencial que podría resultar en daños SERIOS al vehículo o en HERIDAS\na usted. Siga los consejos con la debida precaución.\nPara garantizar su seguridad:\n•Lea con detenimiento este manual del propietario.\n•Siga todas las recomendaciones y procedimientos incluidos en este manual.\n•Preste especial atención a los mensajes de seguridad incluidos en el manual y en la motocicleta.\nIMPORTANTE Su seguridad y la de otras personas es muy importante. Es una responsabilidad importante\nconducir su motocicleta BAJAJ BOXER CT 100-KS de forma segura. Para ayudarle a tomar\ndecisiones bien fundadas en relación con la seguridad, hemos incluido Información de\nSeguridad, procedimientos de funcionamiento y tips de Conducción segura en este manual\nde Usuario y Garantía. Esta información le advierte sobre posibles peligros que podrían']","Lamentablemente, no tengo información específica sobre las herramientas que trae la Bajaj Boxer CT100 KS en el contexto proporcionado. La información disponible se enfoca en características técnicas, especificaciones y procedimientos de mantenimiento, pero no menciona las herramientas incluidas con la motocicleta. Si necesitas más detalles, te recomiendo consultar el manual del propietario o contactar a un profesional para obtener información precisa.",Trae un kit básico de herramientas ubicado junto a la batería.,0.3333333333333333,0.0,0.0
que tipo de encendido tiene la moto,"['SA galgo\nMARCA: BAJAJ\nModelo: BOXER CT100 KS\nAño: 2024\nÚ MOTOR\nMOTOR\nMotor: 4 tiempos, Monocilindrico, SOHC\nSISTEMA e .\nC Cilindraje: 102 cc\n& Máxima potencia: 7.59 Hp @ 7500 rpm\nCHASIS\nTorque máximo: 8.24 N.m @ 5500 rpm\n—\ni\nEmbrague: Multi-Disco Bañado en Aceite\nDIMENSIONES\nDiámetro: 47 mm x 58.8 mm\nTransmisión: 4 Velocidades\nAlimentación: Carburador\nArranque: Pedal\nInformación extraída del sitio web oficial de la marca\n\nTablas:', 'CILINDRAJE 102 CC 97.2 CC\nPOTENCIA 7.59 HP 7500 RPM 7.7 HP 7500 RPM\nTORQUE 8.24 NM @5500 RPM 8.2 NM @4500 RPM\nENCENDIDO Pedal Pedal\nCAPACIDAD DEL 10.5 L 10.5 L\nTANQUE\nFRENO DELANTERO Tambor 110 mm Tambor\nSUSPENSION TRASERA Brazo oscilante, Tecnología SNS de 5 Doble amortiguador ajustable e\nposiciones\nUSB Si No\n*La información técnica e imágenes de referencia de las motocicletas fue tomada del\nsitio oficial de cada una de las marcas a la fecha 31/10/2024.\nBoxer CT100 KS\nPRECI\nVER AHORRO\nO Cotizar $\n*Modelo 2026. Precio referencial y\nVIGENTE\n$5.899.\nsujeto a cambios.\nCotizar $ Crédito $ *Aplican términos y 000\nCrédito $\ncondiciones.', '*Imágenes de referencia.\nTU NUEVA MOTO BAJAJ\nCOTIZATUBOXERCT100KS\nDiligencia el formulario o escríbenos por WhatsApp y nos pondremos en contacto\nlo más pronto posible para brindarte asesoría sobre cotizaciones, financiación,\npuntos de venta y más.\nBoxer CT100 KS\nPRECI\nVER AHORRO\nO Cotizar $\n*Modelo 2026. Precio referencial y\nVIGENTE\n$5.899.\nsujeto a cambios.\nCotizar $ Crédito $ *Aplican términos y 000\nCrédito $\ncondiciones.\n\nTablas:\n |  | \n |  | \n*Imágenes de referencia.\nTU NUEVA MOTO BAJAJ\nCOTIZATUBOXERCT100KS\nDiligencia el formulario o escríbenos por WhatsApp y nos pondremos en con\nlo más pronto posible para brindarte asesoría sobre cotizaciones, financia\npuntos de venta y más.\nBoxer CT100 KS\nPRECI\nVER AHORRO\nO Cotiza\n*Modelo 2026. Precio referencial y\nVIGENTE\n$5.899.\nsujeto a cambios.\nCotizar $ Crédito $ *Aplican términos y 000\nCré\ncondiciones. |  | tacto\nción,\nr $\ndito $', 'BOXER CT100 KS\nLAPREFERIDAPORLOSCOLOMBIANOS\nCon más de 639.409 motos vendidas a lo largo de los años es la moto más vendida en la\nhistoria de Colombia, lo que confirma que es preferida por los colombianos, porque es la\nmoto que te da más rendimiento en combustible con 370km/Galón, por su respaldo,\neconomía, fácil mantenimiento, repuestos económicos y disponibles, además con encendido\neléctrico.\nBoxer CT100 KS\nPRECI\nVER AHORRO\nO Cotizar $\n*Modelo 2026. Precio referencial y\nVIGENTE\n$5.899.\nsujeto a cambios.\nCotizar $ Crédito $ *Aplican términos y 000\nCrédito $\ncondiciones.\n\nTablas:\n | \n | \n | \n | \nza | r\n | \nré | dit\n | \n |', 'EN ESPAÑOL\nHome / Bikes / Boxer Ct 100 Ks\nBOXER CT 100 KS\nKNOW MORE\nFunciones\nRendimiento\nPotencia líder en su clase\nMotor de 4 tiempos refrigerado por aire\nnatural\nConduzca con la promesa de la mejor\neficiencia de combustible de su clase de\n55 kmpl*, es decir, aproximadamente\nmás de 500 km con el tanque lleno.\nFiabilidad garantizada\nFiabilidad día tras día, con el músculo\npara conquistar los desafíos y el\nrendimiento para traspasar las fronteras.\n\nTablas:\nBOXER CT 100 KS\nKNOW MORE\nFunciones\nRendimiento\nPotencia líder en su clase\nMotor de 4 tiempos refrigerado por aire\nnatural\nConduzca con la promesa de la mejor\neficiencia de combustible de su clase de\n55 kmpl*, es decir, aproximadamente\nmás de 500 km con el tanque lleno.\nFiabilidad garantizada\nFiabilidad día tras día, con el músculo\npara conquistar los desafíos y el\nrendimiento para traspasar las fronteras.']","La Bajaj Boxer CT100 KS tiene un encendido de tipo Pedal. Esto se menciona en la información proporcionada en el contexto, específicamente en la sección de características técnicas.",tiene encendido por pedal.,1.0,0.20367407379311342,0.49999999995
